cell_id,delta_q_logvar,delta_q_log_abs_min,delta_q_log_abs_skew,delta_q_log_abs_kurtosis,qd_2,qd_max_minus_2,qd_valid_max_minus_2
batch1_000,-5.014861042960788,-2.0726479673332383,-0.27404063707810705,0.21792804200032076,1.0706892,0.46836520000000004,0.00639320000000021
batch1_001,-5.013959617162855,-1.958456656717364,-0.3671633435127306,0.2946610634086026,1.0753012,0.009288300000000138,0.009288300000000138
batch1_002,-4.7369997419805365,-1.7640578612436284,0.033501872813719434,0.5248680480740093,1.0799223,0.008131200000000005,0.008131200000000005
batch1_003,-4.442613359277012,-1.7221493032207573,-0.3574855605845849,0.27980016605548363,1.0797229,0.006530099999999983,0.006530099999999983
batch1_004,-4.647743660307859,-1.85517695866731,-0.44063433451277695,0.22171916039394018,1.0784167,0.005899899999999958,0.005899899999999958
batch1_005,-4.178877963304522,-1.598965334928044,-0.8257943420525352,0.24857974589139517,1.0761266,0.005943800000000055,0.005943800000000055
batch1_006,-3.768877900227724,-1.4215207944138126,-0.38940812697492216,0.24598862698073307,1.0758358,0.006303200000000064,0.006303200000000064
batch1_007,-3.8134860773269863,-1.4175572328154409,-0.4770127555092471,0.2740340336338971,1.0938644,0.004104200000000002,0.004104200000000002
batch1_009,-4.059383677769545,-1.5417478896827508,-0.3689714157359826,0.259553061694898,1.0829742,0.005975700000000028,0.005975700000000028
batch1_011,-4.146896530502188,-1.6254072026301174,-0.22559407709865506,0.25393003877938963,1.0537786,0.009460400000000035,0.009460400000000035
batch1_014,-4.046069839990279,-1.548306330889822,-0.5490543657829832,0.2270411615593948,1.0709661,0.006877699999999987,0.006877699999999987
batch1_015,-4.017949103167607,-1.5384331275349628,-0.31695426763956036,0.2429248728281168,1.0611236,0.008215100000000142,0.008215100000000142
batch1_016,-4.099413675443745,-1.558985899937167,-0.9102720683952006,0.2484395998151064,1.0811664,0.007425499999999863,0.007425499999999863
batch1_017,-3.970159451162403,-1.5076871632965065,-0.5917804840344958,0.23281770873162233,1.072052,0.007173799999999897,0.007173799999999897
batch1_018,-3.650080545153841,-1.3552344300601993,-1.2833382697652946,0.21839676980079714,1.0661705,1.8179140000000003,0.003975300000000015
batch1_019,-3.6199068274368353,-1.3382564529624879,-0.5631639028212464,0.2366846600993219,1.0851147,0.004190699999999881,0.004190699999999881
batch1_020,-3.367237410245857,-1.1966765604379697,-0.6167722877860201,0.2849445841145565,1.07263,0.003094200000000047,0.003094200000000047
batch1_021,-3.3503380515995875,-1.1889597281466227,-1.044954054796925,0.26879264887795196,1.0824388,0.0034874000000000294,0.0034874000000000294
batch1_023,-4.0407936433278895,-1.5235521784705124,-0.8441346171148149,0.24782458580964203,1.0792934,0.004492999999999858,0.004492999999999858
batch1_024,-3.938662523656534,-1.4969978330235076,-0.4699757105231049,0.23699343673208706,1.0745355,0.004539499999999919,0.004539499999999919
batch1_025,-4.027888820540259,-1.5310448923727913,-0.4461961051933633,0.24516848314460166,1.0752345,0.004678599999999866,0.004678599999999866
batch1_026,-3.795219996785343,-1.4161841994934086,-0.9315611922725396,0.23636846082925347,1.0876514,0.003894800000000087,0.003894800000000087
batch1_027,-3.8537032000559392,-1.4457275004165393,-0.538323646534743,0.24629537717383967,1.0790461,0.003953399999999885,0.003953399999999885
batch1_028,-3.844711807496199,-1.4292997115162878,-0.8457799517808159,0.24588699488455837,1.0777475,0.003846999999999934,0.003846999999999934
batch1_029,-3.8382817049630766,-1.4333451217343063,-0.8612870070222239,0.23590233923869036,1.0794537,0.004349200000000053,0.004349200000000053
batch1_030,-3.744699217898308,-1.3891761023084517,-0.5448635389429906,0.24871078284129267,1.0798637,0.003954500000000083,0.003954500000000083
batch1_031,-3.777732624088043,-1.4036425857817225,-0.9557232155062224,0.24498856176958186,1.0946392,0.003694199999999981,0.003694199999999981
batch1_032,-3.6464634970703615,-1.3413563753175854,-0.8078340470945177,0.2356681257575532,1.0778366,0.003820099999999993,0.003820099999999993
batch1_033,-3.6670575975866417,-1.3477364305988753,-1.1882098620646542,0.2472997575861098,1.0924908,0.004335399999999989,0.004335399999999989
batch1_034,-3.848616157008837,-1.4292453143966926,-0.821307408236174,0.2600952173436113,1.0766174,0.004865000000000119,0.004865000000000119
batch1_035,-3.77260581559603,-1.4072456671301201,-1.0246266951892982,0.23046827830589378,1.0707464,0.00507919999999995,0.00507919999999995
batch1_036,-3.669501342595944,-1.3504567497944329,-1.617615702399627,0.23357235936991447,1.0778315,0.004527799999999971,0.004527799999999971
batch1_037,-3.673938893314921,-1.3512031333038175,-0.6262131671958383,0.2396064524238409,1.0748194,0.004472400000000043,0.004472400000000043
batch1_038,-3.4330481735466756,-1.2486008121232728,-1.195108382087062,0.21791856647371752,1.0729513,0.003646500000000108,0.003646500000000108
batch1_039,-3.5045337204530713,-1.2745461357298669,-0.8167235117864322,0.2362374097878102,1.0817773,0.004689399999999955,0.004689399999999955
batch1_040,-4.0552127051547355,-1.5361710582591284,-0.6046654558426963,0.24514382497439627,1.0833029,0.004503299999999877,0.004503299999999877
batch1_041,-4.071513969179501,-1.5450592803081853,-0.6357186446910515,0.24478430173168617,1.0789614,0.0049074999999998425,0.0049074999999998425
batch1_042,-3.6658557852690015,-1.3495987713904603,-0.9678081520562437,0.22627970317791934,1.0798725,0.004959500000000006,0.004959500000000006
batch1_043,-3.667779071634814,-1.3506077894518462,-0.6247873062859551,0.22978094109405506,1.0682389,0.003432099999999938,0.003432099999999938
batch1_044,-3.42070000480644,-1.2306443031102852,-0.8567357884972235,0.2331777645473038,1.0847682,0.0035623999999998546,0.0035623999999998546
batch1_045,-3.425292235698853,-1.2261878935345303,-0.9385559436201556,0.2354293555687587,1.0839558,0.004482499999999945,0.004482499999999945
