set,cell_id,actual,predicted
batch2,batch2_000,300.0,334.8137549808786
batch2,batch2_001,148.0,371.3718523274823
batch2,batch2_002,438.0,562.0184137732838
batch2,batch2_003,335.0,386.97404916342896
batch2,batch2_004,444.0,557.090297959084
batch2,batch2_005,480.0,617.3799412333199
batch2,batch2_006,511.0,494.19209327943963
batch2,batch2_010,561.0,659.3288624697453
batch2,batch2_011,477.0,579.1188561311723
batch2,batch2_012,458.0,538.8120653864598
batch2,batch2_013,483.0,502.97966622400463
batch2,batch2_014,485.0,599.3246546615843
batch2,batch2_017,494.0,456.70712710455155
batch2,batch2_018,487.0,610.5768869016955
batch2,batch2_019,461.0,464.08980687534415
batch2,batch2_020,502.0,757.8202187407803
batch2,batch2_021,489.0,618.6647010951575
batch2,batch2_022,513.0,630.9012193463307
batch2,batch2_023,527.0,636.6819891500335
batch2,batch2_024,495.0,674.4105553479469
batch2,batch2_025,461.0,543.6456673697018
batch2,batch2_026,471.0,537.2952459600874
batch2,batch2_027,468.0,576.1633525472945
batch2,batch2_028,509.0,569.1582922173113
batch2,batch2_029,498.0,653.406568595973
batch2,batch2_030,481.0,600.6804047241822
batch2,batch2_031,492.0,616.646182993812
batch2,batch2_032,519.0,554.901799175429
batch2,batch2_033,520.0,674.1277789341225
batch2,batch2_034,499.0,637.425261413529
batch2,batch2_035,463.0,539.1633121364135
batch2,batch2_036,535.0,617.5510684131408
batch2,batch2_037,478.0,564.1980583643546
batch2,batch2_038,465.0,574.8627429051684
batch2,batch2_039,459.0,548.6401983136793
batch2,batch2_040,499.0,602.4117128960662
batch2,batch2_041,429.0,490.6600195420131
batch2,batch2_042,466.0,637.8700218988981
batch2,batch2_043,462.0,502.90452374581133
batch2,batch2_044,457.0,534.5115765763958
batch2,batch2_045,487.0,669.774385036819
batch2,batch2_046,429.0,484.93786119156215
batch2,batch2_047,713.0,710.6592464712215
batch3,batch3_000,1009.0,1114.3410540807433
batch3,batch3_001,1063.0,1152.4600122182824
batch3,batch3_003,1115.0,1027.6448350751375
batch3,batch3_004,1048.0,1129.8491321738588
batch3,batch3_005,828.0,905.764284755902
batch3,batch3_006,667.0,669.6390766995802
batch3,batch3_007,1836.0,1381.2566195986697
batch3,batch3_008,828.0,938.0915421826057
batch3,batch3_009,1039.0,871.9817791679361
batch3,batch3_010,1078.0,1252.5059236663249
batch3,batch3_011,817.0,830.330618232287
batch3,batch3_012,932.0,909.3020715386258
batch3,batch3_013,816.0,958.3324240111189
batch3,batch3_014,858.0,883.619362784853
batch3,batch3_015,876.0,911.7388336935013
batch3,batch3_016,1638.0,1685.7176119747685
batch3,batch3_017,1315.0,1450.107596326873
batch3,batch3_018,1146.0,1200.9688697652123
batch3,batch3_019,1155.0,1141.7050137635047
batch3,batch3_020,813.0,957.956885936369
batch3,batch3_021,772.0,802.984989808123
batch3,batch3_022,1002.0,880.8364089663436
batch3,batch3_024,825.0,864.0087152067547
batch3,batch3_025,989.0,991.7550992920402
batch3,batch3_026,1028.0,1150.6082944003497
batch3,batch3_027,850.0,972.89115509573
batch3,batch3_028,541.0,569.7583840257502
batch3,batch3_029,858.0,925.1322428047304
batch3,batch3_030,935.0,1007.1558812157976
batch3,batch3_031,731.0,781.2428757513638
batch3,batch3_033,1284.0,1284.9994524633066
batch3,batch3_034,1158.0,1164.656833698395
batch3,batch3_035,1093.0,1127.6550773451006
batch3,batch3_036,923.0,1089.2581241317753
batch3,batch3_038,1935.0,1275.1426702359618
batch3,batch3_039,1156.0,1206.4330169032144
batch3,batch3_040,796.0,1094.9432502061075
batch3,batch3_041,786.0,987.2884662941258
batch3,batch3_044,940.0,1005.8870037416566
batch3,batch3_045,1801.0,1472.5193210479108
