features,model,cv_mape_pct,cv_sd_pct,holdout_mape_pct,fold_mape_pct
paper_discharge6,log_elastic_a0.01,5.748557926096238,2.175185481115359,27.99905739727682,"[5.167, 5.542, 9.217, 5.618, 3.199]"
paper_discharge6_valid_capacity,log_elastic_a0.01,5.748557926096238,2.175185481115359,10.458966908848302,"[5.167, 5.542, 9.217, 5.618, 3.199]"
paper_discharge6,log_ridge_a1,6.090857556784967,1.823686024553649,28.6824883030026,"[4.942, 5.436, 8.608, 7.31, 4.159]"
paper_discharge6_valid_capacity,log_ridge_a1,6.090857556784967,1.823686024553649,11.368194772214975,"[4.942, 5.436, 8.608, 7.31, 4.159]"
paper_discharge6,log_ridge_a0.1,6.183782011985734,1.1621505332298483,28.58437596536544,"[5.546, 5.414, 7.773, 7.058, 5.128]"
paper_discharge6_valid_capacity,log_ridge_a0.1,6.183782011985734,1.1621505332298483,11.663257806519526,"[5.546, 5.414, 7.773, 7.058, 5.128]"
current3,log_ridge_a0.1,7.098336636786277,2.108572739688851,7.154598845743671,"[5.055, 7.523, 10.408, 6.974, 5.531]"
current3,log_ridge_a1,7.301376495948402,2.4433965944160594,7.212570505360559,"[5.474, 7.294, 11.435, 6.789, 5.515]"
current3,log_elastic_a0.01,7.355585056101079,2.572371480083778,7.246525126589924,"[5.956, 7.25, 11.803, 6.327, 5.441]"
paper_dq2,log_ridge_a0.1,9.75766454989446,2.4890681039907854,6.747362216947349,"[10.653, 7.378, 13.673, 8.417, 8.667]"
paper_dq4,log_ridge_a0.1,9.92689623113543,2.4355093442884517,7.049403643866121,"[11.102, 7.256, 13.412, 9.668, 8.196]"
paper_dq2,log_elastic_a0.01,10.150030453465519,2.936516611798781,9.195661509090812,"[10.756, 7.448, 14.961, 8.808, 8.777]"
paper_dq4,log_elastic_a0.01,10.206095368326363,2.7972597755802258,8.931171036270573,"[11.025, 7.383, 14.592, 9.56, 8.471]"
paper_dq2,log_ridge_a1,10.308058615584127,2.8616513945257243,10.020367019003809,"[10.858, 7.485, 14.96, 9.028, 9.208]"
paper_dq4,log_ridge_a1,10.314303910946904,2.7575645803494777,8.074383263657163,"[11.188, 7.057, 14.43, 9.997, 8.899]"
current3,log_elastic_a0.1,10.934784074192748,5.559977551503997,11.746171380396635,"[9.507, 6.838, 20.712, 8.5, 9.115]"
paper_discharge6_valid_capacity,log_elastic_a0.1,10.950589375105285,5.674002926900176,11.506000466614914,"[9.31, 6.706, 20.921, 8.512, 9.304]"
paper_discharge6,log_elastic_a0.1,10.950589375105285,5.674002926900176,11.506000466614914,"[9.31, 6.706, 20.921, 8.512, 9.304]"
paper_dq2,log_elastic_a0.1,11.796539025872054,5.383014553917335,12.685429832101521,"[10.014, 7.274, 21.148, 9.979, 10.568]"
paper_dq4,log_elastic_a0.1,11.796539025872054,5.383014553917335,12.685429832101521,"[10.014, 7.274, 21.148, 9.979, 10.568]"
