batch,cell_id,policy,split
batch1,batch1_001,3.6C(80%)-3.6C,train
batch1,batch1_003,4C(80%)-4C,train
batch1,batch1_005,4.4C(80%)-4.4C,train
batch1,batch1_007,4.8C(80%)-4.8C,train
batch1,batch1_011,5.4C(50%)-3C,train
batch1,batch1_015,5.4C(60%)-3C,train
batch1,batch1_017,5.4C(60%)-3.6C,train
batch1,batch1_019,5.4C(70%)-3C,train
batch1,batch1_021,5.4C(80%)-5.4C,train
batch1,batch1_024,6C(40%)-3C,train
batch1,batch1_026,6C(40%)-3.6C,train
batch1,batch1_028,6C(50%)-3C,train
batch1,batch1_030,6C(50%)-3.6C,train
batch1,batch1_032,6C(60%)-3C,train
batch1,batch1_034,7C(30%)-3.6C,train
batch1,batch1_036,7C(40%)-3C,train
batch1,batch1_038,7C(40%)-3.6C,train
batch1,batch1_040,8C(15%)-3.6C,train
batch1,batch1_042,8C(25%)-3.6C,train
batch1,batch1_044,8C(35%)-3.6C,train
batch2,batch2_000,1C(4%)-6C,train
batch2,batch2_002,2C(2%)-5C,train
batch2,batch2_004,3.6C(22%)-5.5C,train
batch2,batch2_006,3.6C(30%)-6C,train
batch2,batch2_011,4C(13%)-5C,train
batch2,batch2_013,4C(40%)-6C,train
batch2,batch2_017,4.4C(24%)-5C,train
batch2,batch2_019,4.4C(55%)-6C,train
batch2,batch2_021,4.65C(19%)-4.85C,train
batch2,batch2_023,4.65C(69%)-6C,train
batch2,batch2_025,4.8C(80%)-4.8C,train
batch2,batch2_027,4.9C(27%)-4.75C,train
batch2,batch2_029,4.9C(69%)-4.25C,train
batch2,batch2_031,5.2C(37%)-4.5C,train
batch2,batch2_033,5.2C(58%)-4C,train
batch2,batch2_035,5.2C(71%)-3C,train
batch2,batch2_037,5.6C(38%)-4.25C,train
batch2,batch2_039,5.6C(58%)-3.5C,train
batch2,batch2_041,5.6C(65%)-3C,train
batch2,batch2_043,6C(31%)-4.25C,train
batch2,batch2_045,6C(4%)-4.75C,train
batch1,batch1_000,3.6C(80%)-3.6C,test
batch1,batch1_002,3.6C(80%)-3.6C,test
batch1,batch1_004,4C(80%)-4C,test
batch1,batch1_006,4.8C(80%)-4.8C,test
batch1,batch1_009,5.4C(40%)-3.6C,test
batch1,batch1_014,5.4C(60%)-3C,test
batch1,batch1_016,5.4C(60%)-3.6C,test
batch1,batch1_018,5.4C(70%)-3C,test
batch1,batch1_020,5.4C(80%)-5.4C,test
batch1,batch1_023,6C(30%)-3.6C,test
batch1,batch1_025,6C(40%)-3C,test
batch1,batch1_027,6C(40%)-3.6C,test
batch1,batch1_029,6C(50%)-3C,test
batch1,batch1_031,6C(50%)-3.6C,test
batch1,batch1_033,6C(60%)-3C,test
batch1,batch1_035,7C(30%)-3.6C,test
batch1,batch1_037,7C(40%)-3C,test
batch1,batch1_039,7C(40%)-3.6C,test
batch1,batch1_041,8C(15%)-3.6C,test
batch1,batch1_043,8C(25%)-3.6C,test
batch1,batch1_045,8C(35%)-3.6C,test
batch2,batch2_001,2C(10%)-6C,test
batch2,batch2_003,2C(7%)-5.5C,test
batch2,batch2_005,3.6C(2%)-4.85C,test
batch2,batch2_010,3.6C(9%)-5C,test
batch2,batch2_012,4C(31%)-5,test
batch2,batch2_014,4C(4%)-4.85C,test
batch2,batch2_018,4.4C(47%)-5.5C,test
batch2,batch2_020,4.4C(8%)-4.85C,test
batch2,batch2_022,4.65C(44%)-5C,test
batch2,batch2_024,4.8C(80%)-4.8C,test
batch2,batch2_026,4.8C(80%)-4.8C,test
batch2,batch2_028,4.9C(61%)-4.5C,test
batch2,batch2_030,5.2C(10%)-4.75C,test
batch2,batch2_032,5.2C(50%)-4.25C,test
batch2,batch2_034,5.2C(66%)-3.5C,test
batch2,batch2_036,5.6C(25%)-4.5C,test
batch2,batch2_038,5.6C(47%)-4C,test
batch2,batch2_040,5.6C(5%)-4.75C,test
batch2,batch2_042,6C(20%)-4.5C,test
batch2,batch2_044,6C(40%)-4C,test
batch2,batch2_046,6C(52%)-3.5C,test
batch2,batch2_047,6C(60%)-3C,test
