batch,cell_id,cycle_life,predicted,ape_pct
batch1,batch1_000,1852.0,1981.8104384229625,7.009202938604889
batch1,batch1_002,2237.0,1595.6334553901065,28.6708334649036
batch1,batch1_004,1709.0,1483.8502295117435,13.174357547586691
batch1,batch1_006,636.0,715.516891988091,12.502655972970274
batch1,batch1_009,1054.0,922.0926866590524,12.514925364416277
batch1,batch1_014,880.0,830.5693828212063,5.617115588499282
batch1,batch1_016,862.0,966.1896737048916,12.086969107296005
batch1,batch1_018,691.0,545.234967940189,21.094794798814906
batch1,batch1_020,534.0,606.545813948611,13.585358417342883
batch1,batch1_023,1014.0,880.8508307788014,13.131081777238517
batch1,batch1_025,854.0,883.4970801015886,3.4539906442141226
batch1,batch1_027,842.0,845.4535839983542,0.41016437035086073
batch1,batch1_029,917.0,781.8274954596495,14.740731138533313
batch1,batch1_031,876.0,772.9732882992123,11.761040148491748
batch1,batch1_033,757.0,742.7556479090232,1.8816845562717046
batch1,batch1_035,703.0,658.9115475353796,6.271472612321542
batch1,batch1_037,648.0,663.9107520868581,2.455362976366992
batch1,batch1_039,625.0,592.5683440797135,5.189064947245843
batch1,batch1_041,1051.0,916.9119077304078,12.758143888638646
batch1,batch1_043,651.0,676.0016907550395,3.8405054923255726
batch1,batch1_045,599.0,562.1707469523088,6.148456268395854
batch2,batch2_001,148.0,215.16787291342507,45.3836979144764
batch2,batch2_003,335.0,343.9329315962811,2.6665467451585356
batch2,batch2_005,480.0,574.3616121776414,19.65866920367529
batch2,batch2_010,561.0,505.7167424015998,9.854413119144423
batch2,batch2_012,458.0,484.8607357952785,5.864789474951641
batch2,batch2_014,485.0,548.3475232794773,13.06134500607779
batch2,batch2_018,487.0,494.2086007595217,1.4802054947683136
batch2,batch2_020,502.0,639.8493569677815,27.460031268482382
batch2,batch2_022,513.0,580.3404927102523,13.126801697904934
batch2,batch2_024,495.0,595.9218640818336,20.388255370067398
batch2,batch2_026,471.0,461.5947321930079,1.9968721458581893
batch2,batch2_028,509.0,536.2299753331661,5.3497004583823315
batch2,batch2_030,481.0,520.4175898381709,8.194925122280852
batch2,batch2_032,519.0,492.40025272796026,5.125192152608812
batch2,batch2_034,499.0,566.1091110976619,13.448719658850072
batch2,batch2_036,535.0,357.35281420702717,33.20508145663044
batch2,batch2_038,465.0,481.90709724435095,3.6359348912582687
batch2,batch2_040,499.0,556.5739542111223,11.537866575375215
batch2,batch2_042,466.0,573.9190911971816,23.158603261197772
batch2,batch2_044,457.0,458.82107312126,0.3984842716105001
batch2,batch2_046,429.0,427.5272791781139,0.34329156687322326
batch2,batch2_047,713.0,667.6028707153037,6.367058805707763
