cell_id,cycle_life,delta_q_logvar,dq_50_10_logvar,dq_100_50_logvar,dq_rate_acceleration
batch1_000,1852.0,-5.014861042960788,-6.037223961230393,-5.038625635222598,0.8047782999916837
batch1_001,2160.0,-5.013959617162855,-5.727779064192513,-5.054380280279061,0.47957875789733784
batch1_002,2237.0,-4.7369997419805365,-5.398285116320334,-4.906760452328034,0.29770463797618874
batch1_003,1434.0,-4.442613359277012,-4.893613887862281,-5.117199721830848,-0.41740585998468127
batch1_004,1709.0,-4.647743660307859,-5.293033831483763,-5.146417606700344,-0.047203801232694076
batch1_005,1074.0,-4.178877963304522,-4.849566405150967,-4.689626298036319,-0.03387991890146402
batch1_006,636.0,-3.768877900227724,-4.356770610013027,-4.349748187875847,-0.18679760387893385
batch1_007,870.0,-3.8134860773269863,-4.379569925880653,-4.422601379815698,-0.23685147995115763
batch1_009,1054.0,-4.059383677769545,-4.7242739296424325,-4.5560443533010195,-0.025590449674699478
batch1_011,788.0,-4.146896530502188,-4.981047754542758,-4.525428284647805,0.261799443878842
batch1_014,880.0,-4.046069839990279,-4.863713934162375,-4.461666087531321,0.20822782061494127
batch1_015,719.0,-4.017949103167607,-4.76998344898787,-4.461339593203542,0.11482382976821448
batch1_016,862.0,-4.099413675443745,-4.73248034994755,-4.647914303696304,-0.1092539797648664
batch1_017,857.0,-3.970159451162403,-4.766639762556776,-4.398625287862878,0.17419444867778466
batch1_018,691.0,-3.650080545153841,-4.386180513510997,-4.12565821750383,0.06670226999105466
batch1_019,788.0,-3.6199068274368353,-4.260616931684595,-4.167437771967833,-0.10064086629935165
batch1_020,534.0,-3.367237410245857,-4.014757918553564,-3.9097694347874166,-0.08883154224996481
batch1_021,559.0,-3.3503380515995875,-3.9645264224669368,-3.9180073335318935,-0.14730093708107006
batch1_023,1014.0,-4.0407936433278895,-4.875534941847465,-4.030086557355365,0.6516283584759863
batch1_024,1017.0,-3.938662523656534,-4.610907241642431,-4.450917580650705,-0.033830365024386744
batch1_025,854.0,-4.027888820540259,-4.710307619293598,-4.527814935131125,-0.01132734185364015
batch1_026,870.0,-3.795219996785343,-4.402745830821127,-4.3666148113729415,-0.15768900656792706
batch1_027,842.0,-3.8537032000559392,-4.484049138632146,-4.405149479745471,-0.11492036712943676
batch1_028,860.0,-3.844711807496199,-4.5219802196070304,-4.361454177747792,-0.03329398415687468
batch1_029,917.0,-3.8382817049630766,-4.553922841972101,-4.327889387811301,0.032213428144687306
batch1_030,709.0,-3.744699217898308,-4.402341051686862,-4.277513072118364,-0.06899204644761436
batch1_031,876.0,-3.777732624088043,-4.485898912562516,-4.274609936790109,0.017468949756294094
batch1_032,731.0,-3.6464634970703615,-4.314943527160266,-4.172045056386074,-0.05092155524192066
batch1_033,757.0,-3.6670575975866417,-4.317521132134238,-4.207044398581682,-0.08334329246355665
batch1_034,742.0,-3.848616157008837,-4.698722823000826,-4.208982063788555,0.29592073319615864
batch1_035,703.0,-3.77260581559603,-4.782139431709829,-4.060501621191213,0.5278177845025027
batch1_036,704.0,-3.669501342595944,-4.527900636755979,-4.0563972444566865,0.27768336628317947
batch1_037,648.0,-3.673938893314921,-4.628228210879175,-3.99433552521041,0.4400726596526523
batch1_038,617.0,-3.4330481735466756,-4.106692501724907,-3.9545880261337314,-0.041715550424937575
batch1_039,625.0,-3.5045337204530713,-4.139395893694552,-4.0540167351491325,-0.10844086747069337
batch1_040,966.0,-4.0552127051547355,-4.996553465138249,-4.386299423830957,0.4164340152911805
batch1_041,1051.0,-4.071513969179501,-5.0731364981713565,-4.3487772450372635,0.5305392271179805
batch1_042,702.0,-3.6658557852690015,-4.362008781052183,-4.166944173479289,0.001244581556781199
batch1_043,651.0,-3.667779071634814,-4.388017057371571,-4.153012118097295,0.04118491325816365
batch1_044,616.0,-3.42070000480644,-4.075381059345999,-3.9540871176075383,-0.07252608427765139
batch1_045,599.0,-3.425292235698853,-4.076048554017625,-3.9663035405242417,-0.08407501252272986
