batch,cell_id,policy,cycle_life,split
batch1,batch1_000,3.6C(80%)-3.6C,1190.0,holdout
batch1,batch1_001,3.6C(80%)-3.6C,1179.0,holdout
batch1,batch1_002,3.6C(80%)-3.6C,1177.0,holdout
batch1,batch1_003,4C(80%)-4C,1226.0,development
batch1,batch1_004,4C(80%)-4C,1227.0,development
batch1,batch1_005,4.4C(80%)-4.4C,1074.0,development
batch1,batch1_006,4.8C(80%)-4.8C,636.0,development
batch1,batch1_007,4.8C(80%)-4.8C,870.0,development
batch1,batch1_008,5.4C(40%)-3.6C,879.0,development
batch1,batch1_009,5.4C(40%)-3.6C,1054.0,development
batch1,batch1_010,5.4C(50%)-3C,906.0,development
batch1,batch1_011,5.4C(50%)-3C,788.0,development
batch1,batch1_012,5.4C(50%)-3.6C,902.0,development
batch1,batch1_013,5.4C(50%)-3.6C,897.0,development
batch1,batch1_014,5.4C(60%)-3C,880.0,holdout
batch1,batch1_015,5.4C(60%)-3C,719.0,holdout
batch1,batch1_016,5.4C(60%)-3.6C,862.0,development
batch1,batch1_017,5.4C(60%)-3.6C,857.0,development
batch1,batch1_018,5.4C(70%)-3C,691.0,holdout
batch1,batch1_019,5.4C(70%)-3C,788.0,holdout
batch1,batch1_020,5.4C(80%)-5.4C,534.0,development
batch1,batch1_021,5.4C(80%)-5.4C,559.0,development
batch1,batch1_022,6C(30%)-3.6C,891.0,development
batch1,batch1_023,6C(30%)-3.6C,1014.0,development
batch1,batch1_024,6C(40%)-3C,1017.0,development
batch1,batch1_025,6C(40%)-3C,854.0,development
batch1,batch1_026,6C(40%)-3.6C,870.0,development
batch1,batch1_027,6C(40%)-3.6C,842.0,development
batch1,batch1_028,6C(50%)-3C,860.0,holdout
batch1,batch1_029,6C(50%)-3C,917.0,holdout
batch1,batch1_030,6C(50%)-3.6C,709.0,development
batch1,batch1_031,6C(50%)-3.6C,876.0,development
batch1,batch1_032,6C(60%)-3C,731.0,development
batch1,batch1_033,6C(60%)-3C,757.0,development
batch1,batch1_034,7C(30%)-3.6C,742.0,holdout
batch1,batch1_035,7C(30%)-3.6C,703.0,holdout
batch1,batch1_036,7C(40%)-3C,704.0,development
batch1,batch1_037,7C(40%)-3C,648.0,development
batch1,batch1_038,7C(40%)-3.6C,617.0,development
batch1,batch1_039,7C(40%)-3.6C,625.0,development
batch1,batch1_040,8C(15%)-3.6C,966.0,development
batch1,batch1_041,8C(15%)-3.6C,1051.0,development
batch1,batch1_042,8C(25%)-3.6C,702.0,development
batch1,batch1_043,8C(25%)-3.6C,651.0,development
batch1,batch1_044,8C(35%)-3.6C,616.0,development
batch1,batch1_045,8C(35%)-3.6C,599.0,development
