model,fold,n_valid,mape_pct,mae_cycles
median_baseline,1,7,22.756041338915804,160.21428571428572
median_baseline,2,6,12.061832094626501,94.5
median_baseline,3,6,35.009549174982205,452.8333333333333
median_baseline,4,6,15.412835044194228,103.0
median_baseline,5,6,35.675640920781476,219.83333333333334
ridge_core_a0.1,1,7,9.168398433569887,67.00733732060469
ridge_core_a0.1,2,6,9.403721905651562,78.47693886453787
ridge_core_a0.1,3,6,14.339523421945618,194.60891626544262
ridge_core_a0.1,4,6,11.892607904805901,85.94181213547733
ridge_core_a0.1,5,6,18.816797285134292,112.78629262564768
ridge_core_a1,1,7,8.616636969710308,63.82031987533875
ridge_core_a1,2,6,9.149289911755098,76.64077314412758
ridge_core_a1,3,6,14.816361927022184,201.1548656337445
ridge_core_a1,4,6,12.268728438954428,88.3896166718114
ridge_core_a1,5,6,16.967326711407868,102.48821801688668
ridge_core_a10,1,7,11.346815934149836,81.82217721327481
ridge_core_a10,2,6,7.4860430637260125,63.9684572356198
ridge_core_a10,3,6,18.8307960002304,253.12411725180527
ridge_core_a10,4,6,14.049376297304974,99.15252295908947
ridge_core_a10,5,6,5.528800723857497,39.23383356573498
ridge_policy_a1,1,7,9.495861453795566,65.08094557487841
ridge_policy_a1,2,6,7.311118048634387,61.29830483640776
ridge_policy_a1,3,6,13.623237194208757,185.48579372992205
ridge_policy_a1,4,6,15.277015866301486,110.31167024409758
ridge_policy_a1,5,6,17.283838336178746,105.99661769002337
log_ridge_core,1,7,5.962284389059064,45.17474089676747
log_ridge_core,2,6,7.525444100008653,64.10982459619886
log_ridge_core,3,6,12.430437869059642,164.14283779282394
log_ridge_core,4,6,8.14263711591759,57.9033354572584
log_ridge_core,5,6,6.27235423640556,42.85027982335382
log_ridge_dq_qd,1,7,5.891502129435262,44.75859134857179
log_ridge_dq_qd,2,6,7.383989195106438,62.77206347366994
log_ridge_dq_qd,3,6,11.804726582866325,154.52155381900323
log_ridge_dq_qd,4,6,6.610874323830425,46.03699605477842
log_ridge_dq_qd,5,6,6.250088017540896,42.711471531497345
log_ridge_policy,1,7,5.360168384394187,38.77173941381125
log_ridge_policy,2,6,6.632410739275928,56.841320503601764
log_ridge_policy,3,6,11.664900329185436,151.08026334261908
log_ridge_policy,4,6,10.374954012368372,73.72448732418898
log_ridge_policy,5,6,5.481063687159291,36.6385209317961
elastic_core_a0.01,1,7,9.155794141516465,66.93511804818174
elastic_core_a0.01,2,6,9.396086252841487,78.42194385838822
elastic_core_a0.01,3,6,14.35370467748163,194.80288047631174
elastic_core_a0.01,4,6,11.903387429613819,86.01143448941015
elastic_core_a0.01,5,6,18.76288111405345,112.48674655226745
elastic_core_a0.1,1,7,8.505650880664826,63.189003169447055
elastic_core_a0.1,2,6,9.076861866445341,76.11406440368746
elastic_core_a0.1,3,6,14.946660116388161,202.93954074589328
elastic_core_a0.1,4,6,12.358585395519915,88.9602399982266
elastic_core_a0.1,5,6,16.475936629933123,99.7584305139427
tree_core_d2,1,7,11.554649345815502,89.82251082251081
tree_core_d2,2,6,12.90083837385694,107.49642857142855
tree_core_d2,3,6,20.089844167632023,280.19841269841277
tree_core_d2,4,6,27.07871744353315,211.4722222222222
tree_core_d2,5,6,20.346908170438123,146.05555555555557
