feature_set,fold,n_valid,mape_pct
dq_only,1,7,10.585487643892687
dq_only,2,6,7.369995954763027
dq_only,3,6,14.976540204568897
dq_only,4,6,8.848096227849595
dq_only,5,6,8.620231453737494
dq_qd,1,7,5.891502129435262
dq_qd,2,6,7.383989195106438
dq_qd,3,6,11.804726582866325
dq_qd,4,6,6.610874323830425
dq_qd,5,6,6.250088017540896
dq_tavg,1,7,10.340112682306128
dq_tavg,2,6,8.122962292597816
dq_tavg,3,6,15.153354880445717
dq_tavg,4,6,10.064130987559517
dq_tavg,5,6,8.795985723207684
dq_qd_tavg,1,7,5.962284389059064
dq_qd_tavg,2,6,7.525444100008653
dq_qd_tavg,3,6,12.430437869059642
dq_qd_tavg,4,6,8.14263711591759
dq_qd_tavg,5,6,6.27235423640556
