trial,fold,features,alpha,n_valid,mape_pct
dq_qd_a1,1,delta_q_logvar+early_mean_QD,1.0,7,5.891502129435262
dq_qd_a1,2,delta_q_logvar+early_mean_QD,1.0,6,7.383989195106438
dq_qd_a1,3,delta_q_logvar+early_mean_QD,1.0,6,11.804726582866325
dq_qd_a1,4,delta_q_logvar+early_mean_QD,1.0,6,6.610874323830425
dq_qd_a1,5,delta_q_logvar+early_mean_QD,1.0,6,6.250088017540896
dq_qd_a0.1,1,delta_q_logvar+early_mean_QD,0.1,7,5.841662297550885
dq_qd_a0.1,2,delta_q_logvar+early_mean_QD,0.1,6,7.626329561950026
dq_qd_a0.1,3,delta_q_logvar+early_mean_QD,0.1,6,10.96102828422195
dq_qd_a0.1,4,delta_q_logvar+early_mean_QD,0.1,6,6.424689641431759
dq_qd_a0.1,5,delta_q_logvar+early_mean_QD,0.1,6,6.784280169509595
dq_qd_ir_a1,1,delta_q_logvar+early_mean_QD+early_mean_IR,1.0,7,5.474360229660368
dq_qd_ir_a1,2,delta_q_logvar+early_mean_QD+early_mean_IR,1.0,6,7.294230939310818
dq_qd_ir_a1,3,delta_q_logvar+early_mean_QD+early_mean_IR,1.0,6,11.435055171720876
dq_qd_ir_a1,4,delta_q_logvar+early_mean_QD+early_mean_IR,1.0,6,6.788610966406818
dq_qd_ir_a1,5,delta_q_logvar+early_mean_QD+early_mean_IR,1.0,6,5.514625172643134
dq_qd_ir_a0.1,1,delta_q_logvar+early_mean_QD+early_mean_IR,0.1,7,5.055286118484976
dq_qd_ir_a0.1,2,delta_q_logvar+early_mean_QD+early_mean_IR,0.1,6,7.523305087692423
dq_qd_ir_a0.1,3,delta_q_logvar+early_mean_QD+early_mean_IR,0.1,6,10.408465267488115
dq_qd_ir_a0.1,4,delta_q_logvar+early_mean_QD+early_mean_IR,0.1,6,6.973839533330232
dq_qd_ir_a0.1,5,delta_q_logvar+early_mean_QD+early_mean_IR,0.1,6,5.530787176935636
dq_qd_meanabs_a0.1,1,delta_q_logvar+early_mean_QD+delta_q_mean_abs,0.1,7,5.816019026861679
dq_qd_meanabs_a0.1,2,delta_q_logvar+early_mean_QD+delta_q_mean_abs,0.1,6,8.565251447528173
dq_qd_meanabs_a0.1,3,delta_q_logvar+early_mean_QD+delta_q_mean_abs,0.1,6,9.126828749181193
dq_qd_meanabs_a0.1,4,delta_q_logvar+early_mean_QD+delta_q_mean_abs,0.1,6,5.582553226818599
dq_qd_meanabs_a0.1,5,delta_q_logvar+early_mean_QD+delta_q_mean_abs,0.1,6,4.214286507727245
