set,cell_id,policy,actual,predicted,error,abs_error,ape_pct,life_band
additional_batch3,batch3_038,5C(67%)-4C-newstructure,1935.0,1081.3165421644262,-853.6834578355738,853.6834578355738,44.118008156877195,>1000
additional_batch3,batch3_007,4.8C(80%)-4.8C-newstructure,1836.0,1218.604603858383,-617.3953961416171,617.3953961416171,33.62720022557827,>1000
valid_batch1,batch1_002,3.6C(80%)-3.6C,2237.0,1673.6471555939572,-563.3528444060428,563.3528444060428,25.183408332858416,>1000
additional_batch3,batch3_045,4.8C(80%)-4.8C-newstructure,1801.0,1266.0886126595178,-534.9113873404822,534.9113873404822,29.700798852886294,>1000
additional_batch3,batch3_016,4.8C(80%)-4.8C-newstructure,1638.0,1318.6759791178897,-319.3240208821103,319.3240208821103,19.494750969603803,>1000
additional_batch3,batch3_003,5.6C(36%)-4.3C-newstructure,1115.0,833.3828843126316,-281.61711568736837,281.61711568736837,25.25714042039178,>1000
test_batch2,batch2_020,4.4C(8%)-4.85C,502.0,783.1812920381647,281.18129203816466,281.18129203816466,56.012209569355505,500–1000
test_batch2,batch2_033,5.2C(58%)-4C,520.0,734.4915577551305,214.49155775513054,214.49155775513054,41.24837649137126,500–1000
test_batch2,batch2_029,4.9C(69%)-4.25C,498.0,702.8604157536863,204.8604157536863,204.8604157536863,41.13662966941492,<500
test_batch2,batch2_042,6C(20%)-4.5C,466.0,670.2818750638378,204.2818750638378,204.2818750638378,43.837312245458754,<500
test_batch2,batch2_039,5.6C(58%)-3.5C,459.0,651.3450721972422,192.3450721972422,192.3450721972422,41.905244487416596,<500
valid_batch1,batch1_001,3.6C(80%)-3.6C,2160.0,1990.6313207922265,-169.36867920777354,169.36867920777354,7.841142555915441,>1000
valid_batch1,batch1_000,3.6C(80%)-3.6C,1852.0,1975.983367511553,123.98336751155307,123.98336751155307,6.694566280321441,>1000
valid_batch1,batch1_019,5.4C(70%)-3C,788.0,726.7049020714169,-61.29509792858312,61.29509792858312,7.778565726977553,500–1000
valid_batch1,batch1_030,6C(50%)-3.6C,709.0,756.0238416787271,47.02384167872708,47.02384167872708,6.632417726195638,500–1000
