cell_id,aligned_delta_q_logvar,source_cycle_10,source_cycle_100,bad_before_100
batch1_000,-4.991402887855134,10,101,1
batch1_001,-5.084290297929763,10,101,1
batch1_002,-4.811570670832937,10,101,1
batch1_003,-4.3758406641151355,10,101,1
batch1_004,-4.606632246633937,10,101,1
batch1_005,-4.146840511666677,10,101,1
batch1_006,-3.7600201359484307,10,101,1
batch1_007,-3.8072057237174177,10,101,1
batch1_008,-4.001194608771134,10,100,0
batch1_009,-4.059383677769545,10,100,0
batch1_010,-3.9946345787119717,10,101,1
batch1_011,-4.118507642769986,10,101,1
batch1_012,-4.125190648988873,10,100,0
batch1_013,-4.048006457642694,10,100,0
batch1_014,-4.043859658052222,10,101,1
batch1_015,-4.0229500456715925,10,101,1
batch1_016,-4.095695292127445,10,101,1
batch1_017,-3.970159451162403,10,100,0
batch1_018,-3.626915312615464,62,152,52
batch1_019,-3.6199068274368353,10,100,0
batch1_020,-3.346582715393345,10,101,1
batch1_021,-3.328660968720327,10,101,1
batch1_022,-3.9521686731427805,10,100,0
batch1_023,-4.0407936433278895,10,100,0
batch1_024,-3.938662523656534,10,100,0
batch1_025,-4.027888820540259,10,100,0
batch1_026,-3.7952199967853435,10,100,0
batch1_027,-3.8537032000559392,10,100,0
batch1_028,-3.844711807496199,10,100,0
batch1_029,-3.8382817049630766,10,100,0
batch1_030,-3.744699217898308,10,100,0
batch1_031,-3.777732624088043,10,100,0
batch1_032,-3.6464634970703615,10,100,0
batch1_033,-3.6670575975866413,10,100,0
batch1_034,-3.848616157008837,10,100,0
batch1_035,-3.7726058155960294,10,100,0
batch1_036,-3.6695013425959444,10,100,0
batch1_037,-3.673938893314921,10,100,0
batch1_038,-3.4330481735466756,10,100,0
batch1_039,-3.5045337204530713,10,100,0
batch1_040,-4.0552127051547355,10,100,0
batch1_041,-4.071513969179501,10,100,0
batch1_042,-3.6658557852690015,10,100,0
batch1_043,-3.667779071634814,10,100,0
batch1_044,-3.42070000480644,10,100,0
batch1_045,-3.425292235698853,10,100,0
