cell_id,actual,predicted
batch3_000,1009.0,1045.5592916672756
batch3_001,1063.0,1061.7048619578793
batch3_003,1115.0,899.016988491054
batch3_004,1048.0,1037.0255969185139
batch3_005,828.0,795.1567000829516
batch3_006,667.0,527.0801395330519
batch3_007,1836.0,1259.6069076815172
batch3_008,828.0,902.3489178369081
batch3_009,1039.0,849.9342061124828
batch3_010,1078.0,1119.8924045739334
batch3_011,817.0,770.715960344607
batch3_012,932.0,847.320539860164
batch3_013,816.0,914.8866891628312
batch3_014,858.0,906.3086135565544
batch3_015,876.0,858.6547582591875
batch3_016,1638.0,1396.6499556937079
batch3_017,1315.0,1173.5656502763493
batch3_018,1146.0,1046.1201479694437
batch3_019,1155.0,1000.7894825894032
batch3_020,813.0,878.9930785778814
batch3_021,772.0,651.0003975788115
batch3_022,1002.0,776.8720442620826
batch3_024,825.0,788.6743546971854
batch3_025,989.0,900.4803477792581
batch3_026,1028.0,1059.356463831709
batch3_027,850.0,902.7692675941244
batch3_028,541.0,458.3410564465474
batch3_029,858.0,918.6772401794018
batch3_030,935.0,931.388058283339
batch3_031,731.0,740.6613680036011
batch3_033,1284.0,1083.3314436632093
batch3_034,1158.0,1020.0808110172302
batch3_035,1093.0,973.3497324080029
batch3_036,923.0,947.2452153513171
batch3_038,1935.0,1123.0360916895968
batch3_039,1156.0,1003.9357832373003
batch3_040,796.0,1005.5313688893664
batch3_041,786.0,779.7549845994987
batch3_044,940.0,970.4094690877179
batch3_045,1801.0,1300.026154223171
