set,cell_id,actual,predicted,ape_pct
batch2,batch2_000,300.0,420.4196919231256,40.13989730770852
batch2,batch2_001,148.0,364.13437733953504,146.03674144563178
batch2,batch2_002,438.0,626.9653919421627,43.14278354843897
batch2,batch2_003,335.0,448.1737868916751,33.78321996766421
batch2,batch2_004,444.0,563.4285642527813,26.89832528215794
batch2,batch2_005,480.0,634.680916986688,32.22519103889333
batch2,batch2_006,511.0,515.5858532175527,0.8974272441394625
batch2,batch2_010,561.0,640.3563126972045,14.145510284706692
batch2,batch2_011,477.0,601.8436759786645,26.17267840223574
batch2,batch2_012,458.0,545.663584345087,19.140520599363967
batch2,batch2_013,483.0,546.8547989635216,13.220455271950643
batch2,batch2_014,485.0,646.9435828527196,33.39042945416899
batch2,batch2_017,494.0,593.6248928585308,20.16698236002647
batch2,batch2_018,487.0,580.739736561686,19.24840586482258
batch2,batch2_019,461.0,468.7511220056545,1.6813713678209345
batch2,batch2_020,502.0,766.7746426117034,52.7439527114947
batch2,batch2_021,489.0,646.0322767155823,32.112940023636455
batch2,batch2_022,513.0,676.6091145613234,31.892614924234582
batch2,batch2_023,527.0,626.3665942035312,18.855141215091315
batch2,batch2_024,495.0,666.4016315518293,34.62659223269278
batch2,batch2_025,461.0,584.6274780452405,26.817240356885147
batch2,batch2_026,471.0,612.0540330899048,29.94777772609444
batch2,batch2_027,468.0,616.1009746922944,31.64550741288341
batch2,batch2_028,509.0,630.1510280450944,23.801773682729753
batch2,batch2_029,498.0,703.4231177205916,41.249622032247295
batch2,batch2_030,481.0,636.1083088046815,32.247049647542944
batch2,batch2_031,492.0,677.5651684180091,37.716497645936805
batch2,batch2_032,519.0,632.2241976829855,21.81583770385077
batch2,batch2_033,520.0,729.2372073112834,40.23792448293913
batch2,batch2_034,499.0,682.2113768779432,36.71570678916697
batch2,batch2_035,463.0,605.5919012638318,30.797386882037106
batch2,batch2_036,535.0,685.1034721662568,28.05672376939379
batch2,batch2_037,478.0,648.5151613797016,35.67262790370326
batch2,batch2_038,465.0,626.8115638590563,34.79818577614113
batch2,batch2_039,459.0,667.5625859462639,45.43847188371762
batch2,batch2_040,499.0,663.8637653991923,33.0388307413211
batch2,batch2_041,429.0,597.0410750491151,39.17041376436249
batch2,batch2_042,466.0,683.1242311252926,46.59318264491257
batch2,batch2_043,462.0,603.9911686122837,30.734019180147982
batch2,batch2_044,457.0,607.45368706722,32.92203218101094
batch2,batch2_045,487.0,675.9167329694396,38.791936954710394
batch2,batch2_046,429.0,594.6281446276112,38.60795912065529
batch2,batch2_047,713.0,670.8944626625488,5.905404956164264
batch3,batch3_000,1009.0,923.1448977417078,8.50892985711518
batch3,batch3_001,1063.0,925.2414517323492,12.959411878424344
batch3,batch3_003,1115.0,800.7597390681581,28.18298304321452
batch3,batch3_004,1048.0,917.5833980475201,12.44433224737404
batch3,batch3_005,828.0,725.4117965657897,12.389879641812838
batch3,batch3_006,667.0,544.2103078748773,18.409249194171313
batch3,batch3_007,1836.0,1120.6699163652295,38.961333531305584
batch3,batch3_008,828.0,812.0828016624539,1.9223669489789972
batch3,batch3_009,1039.0,790.9629740510914,23.87266852251286
batch3,batch3_010,1078.0,982.1255039663012,8.89373803652123
batch3,batch3_011,817.0,727.2579107345287,10.984343851342883
batch3,batch3_012,932.0,797.6870691447783,14.41125867545297
batch3,batch3_013,816.0,818.7086318093169,0.3319401727104042
batch3,batch3_014,858.0,830.3172665845474,3.2264258059968087
batch3,batch3_015,876.0,784.1682319318519,10.48307854659225
batch3,batch3_016,1638.0,1244.9944377681795,23.99301356726621
batch3,batch3_017,1315.0,1035.396487775372,21.262624503774
batch3,batch3_018,1146.0,915.0972280266557,20.148583941827603
batch3,batch3_019,1155.0,896.7558890520357,22.35879748467223
batch3,batch3_020,813.0,795.0966199144618,2.2021377718989146
batch3,batch3_021,772.0,623.180492717281,19.27713824905686
batch3,batch3_022,1002.0,726.4611728756737,27.498884942547537
batch3,batch3_024,825.0,726.4269433315039,11.948249293151038
batch3,batch3_025,989.0,817.3722533630519,17.35366497845785
batch3,batch3_026,1028.0,951.4541256329471,7.446096728312536
batch3,batch3_027,850.0,800.7564702432247,5.793356441973562
batch3,batch3_028,541.0,500.19847130564983,7.541872217070272
batch3,batch3_029,858.0,815.5622679278922,4.946122619126783
batch3,batch3_030,935.0,844.9194070420928,9.634288016888476
batch3,batch3_031,731.0,714.1588633200172,2.303849067029112
batch3,batch3_033,1284.0,947.8055394046058,26.18336920524877
batch3,batch3_034,1158.0,897.1956296702116,22.52196634972266
batch3,batch3_035,1093.0,864.5485061334481,20.90132606281353
batch3,batch3_036,923.0,833.9764182975758,9.645025103187884
batch3,batch3_038,1935.0,1011.641752652389,47.71877247274475
batch3,batch3_039,1156.0,879.1744397091709,23.94684777602328
batch3,batch3_040,796.0,888.1779508613189,11.580144580567701
batch3,batch3_041,786.0,780.1128961914151,0.7489953954942653
batch3,batch3_044,940.0,876.5294939020998,6.752181499776614
batch3,batch3_045,1801.0,1173.1526016530063,34.86104377273702
