run,method,n_calibration,n_evaluation,n_calibration_policies,mape_pct,mae_cycles,bias_cycles,additive_shift,multiplicative_ratio
1,unadjusted,13,30,13,26.367115421946806,122.9926465869587,116.19195796249161,-95.78101787756202,0.8282820411457839
1,median_residual_shift,13,30,13,12.856642961917123,58.98405943962023,20.410940084929617,-95.78101787756202,0.8282820411457839
1,median_ratio,13,30,13,10.2102672984137,48.17189375492956,14.868295336846472,-95.78101787756202,0.8282820411457839
2,unadjusted,13,30,13,25.975668281656635,124.23694418241439,111.42152152558089,-81.81316265192675,0.8479739729307235
2,median_residual_shift,13,30,13,15.71034635291797,73.8645199673035,29.60835887365413,-81.81316265192675,0.8479739729307235
2,median_ratio,13,30,13,12.820689258624881,60.66771280727038,22.589442076972094,-81.81316265192675,0.8479739729307235
3,unadjusted,15,28,13,26.018479157374802,120.33478657834745,111.16843470524928,-93.90603236817299,0.8307712893885653
3,median_residual_shift,15,28,13,14.073056917691606,64.78336980188331,17.262402337076285,-93.90603236817299,0.8307712893885653
3,median_ratio,15,28,13,11.331525664723737,53.208005346733515,12.491680195834943,-93.90603236817299,0.8307712893885653
4,unadjusted,13,30,13,25.97787490139479,121.82407181248749,115.12121129219285,-118.90555270809273,0.7829816614918631
4,median_residual_shift,13,30,13,13.262298241618778,57.820143387183634,-3.784341415899875,-118.90555270809273,0.7829816614918631
4,median_ratio,13,30,13,9.320546176967442,42.94328975092539,-11.904225476008977,-118.90555270809273,0.7829816614918631
5,unadjusted,13,30,13,23.802083061497438,110.39610272012892,102.49785748036088,-133.71420411776546,0.7829816614918631
5,median_residual_shift,13,30,13,13.865986029180124,61.66318197333317,-31.21634663740458,-133.71420411776546,0.7829816614918631
5,median_ratio,13,30,13,9.869979147529008,48.00001579573067,-23.17699738364889,-133.71420411776546,0.7829816614918631
6,unadjusted,13,30,13,24.20485905793171,117.52490873052378,105.60122851482525,-123.87512471428272,0.7757180525285651
6,median_residual_shift,13,30,13,12.673030738662028,59.855496398785,-18.273896199457447,-123.87512471428272,0.7757180525285651
6,median_ratio,13,30,13,9.935280035082442,47.41348761469317,-26.127310833761687,-123.87512471428272,0.7757180525285651
7,unadjusted,13,30,13,24.804858826012623,115.04407728549727,113.3613012693511,-109.33715155246136,0.8069398215307915
7,median_residual_shift,13,30,13,11.33907704920209,50.86252164293398,4.02414971688974,-109.33715155246136,0.8069398215307915
7,median_ratio,13,30,13,8.592675912882404,40.83338624390327,-0.10556511172175552,-109.33715155246136,0.8069398215307915
8,unadjusted,13,30,13,22.63182279725472,109.9306507083407,95.43245203536104,-122.35925178430227,0.7757180525285651
8,median_residual_shift,13,30,13,15.234804060971593,70.90352717278056,-26.926799748941225,-122.35925178430227,0.7757180525285651
8,median_ratio,13,30,13,11.948727301585606,57.340444298034875,-34.44155002120568,-122.35925178430227,0.7757180525285651
9,unadjusted,15,28,13,22.808320429167576,104.72876176958933,90.11399715537434,-138.78996714757056,0.7757180525285651
9,median_residual_shift,15,28,13,16.667331605822714,69.05345101378876,-48.67596999219624,-138.78996714757056,0.7757180525285651
9,median_ratio,15,28,13,11.00629424462828,49.85615659091274,-33.44286298808457,-138.78996714757056,0.7757180525285651
10,unadjusted,13,30,13,24.74727143870265,120.28200494232705,107.5005730269162,-122.35925178430227,0.7815076421313949
10,median_residual_shift,13,30,13,13.733091026018531,65.87469379456834,-14.8586787573861,-122.35925178430227,0.7815076421313949
10,median_ratio,13,30,13,10.657729720930394,52.07347865326515,-22.480655871119048,-122.35925178430227,0.7815076421313949
11,unadjusted,13,30,13,26.803318508057945,124.50649631225572,111.69107365542219,-95.78101787756202,0.8282820411457839
11,median_residual_shift,13,30,13,15.23086907233678,68.82376826143037,15.910055777860203,-95.78101787756202,0.8282820411457839
11,median_ratio,13,30,13,12.060318369522381,55.29164010901334,12.765890373179236,-95.78101787756202,0.8282820411457839
12,unadjusted,15,28,13,23.61915785553636,109.02835743925205,94.41359282503709,-118.90555270809273,0.7829816614918631
12,median_residual_shift,15,28,13,16.07873032459431,68.11281204797638,-24.491959883055653,-118.90555270809273,0.7829816614918631
12,median_ratio,15,28,13,11.253962722399573,50.55689254019411,-26.028334415326707,-118.90555270809273,0.7829816614918631
13,unadjusted,15,28,13,22.125004711930814,105.91088306346332,91.26105339573562,-137.50375715387338,0.7757074701980881
13,median_residual_shift,15,28,13,14.262620239120169,67.35282605472848,-46.24270375813777,-137.50375715387338,0.7757074701980881
13,median_ratio,15,28,13,10.978306244653353,53.59537345345968,-37.83779759434302,-137.50375715387338,0.7757074701980881
14,unadjusted,13,30,13,27.25817585696488,127.93046798232461,126.21370122475581,-79.95082527326497,0.8665152097640265
14,median_residual_shift,13,30,13,13.930359877527035,64.50055178971931,46.26287595149082,-79.95082527326497,0.8665152097640265
14,median_ratio,13,30,13,12.713550794457735,58.50652594016464,46.619341394940186,-79.95082527326497,0.8665152097640265
15,unadjusted,13,30,13,22.083633222613283,101.46483089452992,92.18745191695413,-152.52485838591713,0.7680578961384661
15,median_residual_shift,13,30,13,17.199613743683308,71.81260175106915,-60.337406468962975,-152.52485838591713,0.7680578961384661
15,median_ratio,13,30,13,10.54805255958189,49.19713876581057,-37.766798447882216,-152.52485838591713,0.7680578961384661
16,unadjusted,13,30,13,23.403087390825224,112.20174050830452,102.92436153072873,-123.87512471428272,0.7824039406840921
16,median_residual_shift,13,30,13,13.024433549674871,59.45262974455271,-20.950763183553985,-123.87512471428272,0.7824039406840921
16,median_ratio,13,30,13,9.816934263718641,46.36137444414317,-23.380945471286864,-123.87512471428272,0.7824039406840921
17,unadjusted,13,30,13,26.454592555745105,123.18601533100536,110.26768558708888,-109.33715155246136,0.8069398215307915
17,median_residual_shift,13,30,13,13.801297949816316,61.63849556794776,0.9305340346275083,-109.33715155246136,0.8069398215307915
17,median_ratio,13,30,13,10.319485298798222,47.65626498862302,-1.2054581739906913,-109.33715155246136,0.8069398215307915
18,unadjusted,15,28,13,21.69007160892246,99.95596863456556,84.42218434208733,-137.50375715387338,0.7776832305973127
18,median_residual_shift,15,28,13,16.75929359687574,70.62251165736576,-53.081572811786046,-137.50375715387338,0.7776832305973127
18,median_ratio,15,28,13,11.245289168492235,52.212817927395626,-38.20791368092624,-137.50375715387338,0.7776832305973127
19,unadjusted,13,30,13,24.787800487328163,114.35274357208876,106.45449833232072,-135.5953388725237,0.7824039406840921
19,median_residual_shift,13,30,13,14.10178547610051,62.25143419451559,-29.140840540202984,-135.5953388725237,0.7824039406840921
19,median_ratio,13,30,13,9.80516903908161,47.46413508887917,-19.676036269531746,-135.5953388725237,0.7824039406840921
20,unadjusted,13,30,13,24.63791086612628,118.29504532021939,105.34398819302434,-135.5953388725237,0.7815076421313949
20,median_residual_shift,13,30,13,13.673966995161372,67.54654580573501,-30.25135067949939,-135.5953388725237,0.7815076421313949
20,median_ratio,13,30,13,10.500290421346081,52.56465189612245,-23.831021784311666,-135.5953388725237,0.7815076421313949
21,unadjusted,13,30,13,25.005184366710992,115.28182804056142,102.46640538372793,-133.71420411776546,0.7907073307497401
21,median_residual_shift,13,30,13,15.239863106443414,65.16103312440201,-31.247798734037534,-133.71420411776546,0.7907073307497401
21,median_ratio,13,30,13,10.411415814702286,47.90164060345874,-15.909473659615411,-133.71420411776546,0.7907073307497401
22,unadjusted,13,30,13,25.540106479893502,118.7774575843685,105.00137614073964,-100.03024175507403,0.822335934490374
22,median_residual_shift,13,30,13,14.213799696579718,65.63061978523244,4.971134385665622,-100.03024175507403,0.822335934490374
22,median_ratio,13,30,13,11.460667848908,54.51244703425711,1.6361783364807327,-100.03024175507403,0.822335934490374
23,unadjusted,13,30,13,24.53125111246198,118.2949919932475,110.0122625438897,-122.35925178430227,0.7776832305973127
23,median_residual_shift,13,30,13,13.747051078845557,63.0828397644011,-12.34698924041256,-122.35925178430227,0.7776832305973127
23,median_ratio,13,30,13,10.358358609706361,48.97478949790618,-20.809061300773806,-122.35925178430227,0.7776832305973127
24,unadjusted,15,28,13,26.367158388784766,122.87853565400532,110.21342158763153,-95.78101787756202,0.8282820411457839
24,median_residual_shift,15,28,13,13.65664935446507,61.48122739059712,14.432403710069526,-95.78101787756202,0.8282820411457839
24,median_ratio,15,28,13,10.836298008683194,49.756000913012244,10.880863560777552,-95.78101787756202,0.8282820411457839
25,unadjusted,13,30,13,24.53634587950147,113.68956807936348,100.01639372281763,-118.90555270809273,0.7907073307497401
25,median_residual_shift,13,30,13,13.90112755030038,61.47226148286888,-18.889158985275095,-118.90555270809273,0.7907073307497401
25,median_ratio,13,30,13,10.000885134863832,47.326831655489855,-19.632679951255067,-118.90555270809273,0.7907073307497401
26,unadjusted,13,30,13,25.822525784227985,119.70714548564366,111.94453471623719,-122.35925178430227,0.8000428235344954
26,median_residual_shift,13,30,13,14.54665749673119,61.60024366891295,-10.414717068065109,-122.35925178430227,0.8000428235344954
26,median_ratio,13,30,13,10.279468951348179,46.46115345230009,-2.6531629130414816,-122.35925178430227,0.8000428235344954
27,unadjusted,13,30,13,24.02600137584766,115.98381684797508,103.20238493256421,-123.87512471428272,0.7757180525285651
27,median_residual_shift,13,30,13,13.11608391130901,63.234652470909424,-20.672739781718494,-123.87512471428272,0.7757180525285651
27,median_ratio,13,30,13,10.52077317575865,51.851443756670236,-28.952549479841036,-123.87512471428272,0.7757180525285651
28,unadjusted,13,30,13,24.560986188755336,118.24343166700787,105.42800901017436,-135.99685210230996,0.7776832305973127
28,median_residual_shift,13,30,13,14.40402578420181,66.81383993479777,-30.56884309213559,-135.99685210230996,0.7776832305973127
28,median_ratio,13,30,13,10.601095615418094,50.0830034374323,-23.833187593204162,-135.99685210230996,0.7776832305973127
29,unadjusted,13,30,13,23.389841226770553,108.03573039250992,94.36255603596403,-138.78996714757056,0.7757180525285651
29,median_residual_shift,13,30,13,15.27649700938684,66.13267390711502,-44.42741111160653,-138.78996714757056,0.7757180525285651
29,median_ratio,13,30,13,10.424684239270226,49.63951216986629,-32.535247903114524,-138.78996714757056,0.7757180525285651
30,unadjusted,13,30,13,24.14190166271538,116.02029566895976,113.47850459495717,-95.78101787756202,0.7907073307497401
30,median_residual_shift,13,30,13,12.648223248078159,57.52228244424655,17.697486717395144,-95.78101787756202,0.7907073307497401
30,median_ratio,13,30,13,8.840075662791659,40.300084287196675,-8.995066619596914,-95.78101787756202,0.7907073307497401
31,unadjusted,15,28,13,23.77309396787444,110.18543878371679,95.71735041432927,-122.35925178430227,0.7829816614918631
31,median_residual_shift,15,28,13,16.200506444217723,69.89467074578504,-26.641901369973017,-122.35925178430227,0.7829816614918631
31,median_ratio,15,28,13,11.37258990647897,52.935886085423014,-26.642904325637826,-122.35925178430227,0.7829816614918631
32,unadjusted,13,30,13,25.533238632312628,118.82540946407666,111.26479724406967,-135.5953388725237,0.7815076421313949
32,median_residual_shift,13,30,13,14.144364656899997,61.47844071599438,-24.33054162845402,-135.5953388725237,0.7815076421313949
32,median_ratio,13,30,13,9.501519042658956,45.194913148440236,-16.283349746475288,-135.5953388725237,0.7815076421313949
33,unadjusted,13,30,13,23.447240940530932,113.73138048407866,106.8277847725286,-100.03024175507403,0.7757074701980881
33,median_residual_shift,13,30,13,11.207138151938672,54.50767830910717,6.797543017454566,-100.03024175507403,0.7757074701980881
33,median_ratio,13,30,13,8.60127685158164,42.89844589977938,-26.70726655313006,-100.03024175507403,0.7757074701980881
34,unadjusted,13,30,13,27.534040333041183,129.4653674952149,122.66467887074785,-79.95082527326497,0.8665152097640265
34,median_residual_shift,13,30,13,14.776014339632024,69.95134518723289,42.713853597482874,-79.95082527326497,0.8665152097640265
34,median_ratio,13,30,13,13.716821651344757,64.76479641210518,42.43613578644119,-79.95082527326497,0.8665152097640265
35,unadjusted,13,30,13,24.680709023538657,115.86111903551993,107.96287379575189,-135.5953388725237,0.7815076421313949
35,median_residual_shift,13,30,13,14.34265308095025,64.01356949187178,-27.632465076771823,-135.5953388725237,0.7815076421313949
35,median_ratio,13,30,13,9.989725363107766,48.79297910880332,-20.378708502957497,-135.5953388725237,0.7815076421313949
36,unadjusted,13,30,13,22.71528732279915,105.48481546884493,91.98126632408324,-133.71420411776546,0.7780770860589993
36,median_residual_shift,13,30,13,15.395658953350837,65.60691789529582,-41.73293779368222,-133.71420411776546,0.7780770860589993
36,median_ratio,13,30,13,10.520082530197453,49.363807889741125,-33.02375366693419,-133.71420411776546,0.7780770860589993
37,unadjusted,13,30,13,26.73081150134136,123.70446027786834,115.42173082851055,-91.25427224000839,0.8479739729307235
37,median_residual_shift,13,30,13,15.469852256260506,69.6183537114502,24.167458588502168,-91.25427224000839,0.8479739729307235
37,median_ratio,13,30,13,13.17690405657404,60.55385588231367,27.42576270928995,-91.25427224000839,0.8479739729307235
38,unadjusted,15,28,13,21.591795887470607,104.38168472457512,94.44163582002963,-135.99685210230996,0.7757180525285651
38,median_residual_shift,15,28,13,15.237360563359767,69.8151785292902,-41.555216282280334,-135.99685210230996,0.7757180525285651
38,median_ratio,15,28,13,11.210374534029711,53.357101188035884,-34.49938387454658,-135.99685210230996,0.7757180525285651
39,unadjusted,13,30,13,25.07215118886211,120.56884451991542,117.99432606263424,-73.80371932009666,0.8535947824427205
39,median_residual_shift,13,30,13,14.285902040446832,68.00955850160224,44.190606742537575,-73.80371932009666,0.8535947824427205
39,median_ratio,13,30,13,11.343935229663346,54.75923667912136,29.81041404800065,-73.80371932009666,0.8535947824427205
40,unadjusted,13,30,13,25.046980940922932,116.93132360057874,104.1159009437452,-135.99685210230996,0.7780770860589993
40,median_residual_shift,13,30,13,16.43193594484023,70.87543395923664,-31.880951158564766,-135.99685210230996,0.7780770860589993
40,median_ratio,13,30,13,11.20889395659988,52.088423969173725,-22.86452176660107,-135.99685210230996,0.7780770860589993
41,unadjusted,13,30,13,23.75636146234939,110.63285648001013,97.71452673609365,-137.65181506058582,0.7757074701980881
41,median_residual_shift,13,30,13,15.34621737674356,66.53035523211558,-39.937288324492165,-137.65181506058582,0.7757074701980881
41,median_ratio,13,30,13,10.518137188920653,49.30742510077691,-29.739223353400984,-137.65181506058582,0.7757074701980881
42,unadjusted,13,30,13,22.162522779349036,106.3667487254488,97.08936974787304,-133.71420411776546,0.7824039406840921
42,median_residual_shift,13,30,13,13.85317331938967,63.417453207412066,-36.62483436989241,-133.71420411776546,0.7824039406840921
42,median_ratio,13,30,13,10.148482798938101,48.27747956903762,-28.163862095368373,-133.71420411776546,0.7824039406840921
43,unadjusted,13,30,13,25.623792136019286,118.47594571520698,106.38264028772429,-100.03024175507403,0.822335934490374
43,median_residual_shift,13,30,13,12.765340102155129,58.53616149257884,6.352398532650245,-100.03024175507403,0.822335934490374
43,median_ratio,13,30,13,10.203283626259033,47.588746109339134,4.00384566710279,-100.03024175507403,0.822335934490374
44,unadjusted,15,28,13,24.242339444608096,111.82228688263913,102.58618423715464,-123.87512471428272,0.7907073307497401
44,median_residual_shift,15,28,13,15.061151904870634,64.81204972250269,-21.288940477128083,-123.87512471428272,0.7907073307497401
44,median_ratio,15,28,13,10.727838599601515,50.31719663890086,-17.042613968410297,-123.87512471428272,0.7907073307497401
45,unadjusted,13,30,13,24.120320248765363,111.35119169778478,102.93156441992139,-123.87512471428272,0.7907073307497401
45,median_residual_shift,13,30,13,14.658086784702931,61.03434848718322,-20.94356029436134,-123.87512471428272,0.7907073307497401
45,median_ratio,13,30,13,10.071773435456292,44.80316029887184,-14.878908880440271,-123.87512471428272,0.7907073307497401
46,unadjusted,15,28,13,26.060393365249055,119.95421233410535,106.11314475133769,-93.90603236817299,0.8307712893885653
46,median_residual_shift,15,28,13,14.790272930395417,66.74292391251652,12.20711238316468,-93.90603236817299,0.8307712893885653
46,median_ratio,15,28,13,11.751536962788437,53.47002919191579,10.020440843836111,-93.90603236817299,0.8307712893885653
47,unadjusted,13,30,13,25.480172319565593,117.6965129049666,104.05606593169928,-95.78101787756202,0.8282820411457839
47,median_residual_shift,13,30,13,15.051188462534013,66.14238404461304,8.27504805413724,-95.78101787756202,0.8282820411457839
47,median_ratio,13,30,13,11.656615885596798,52.22355578646434,7.415019025117379,-95.78101787756202,0.8282820411457839
48,unadjusted,13,30,13,24.509630477031887,114.84259609733618,101.2021491240689,-118.90555270809273,0.7829816614918631
48,median_residual_shift,13,30,13,15.270471428442,65.52794592823817,-17.70340358402383,-118.90555270809273,0.7829816614918631
48,median_ratio,13,30,13,10.659739996661138,48.464747723168884,-22.01409593556898,-118.90555270809273,0.7829816614918631
49,unadjusted,15,28,13,26.366441061088047,121.74260450868452,108.15847076404751,-93.90603236817299,0.8307712893885653
49,median_residual_shift,15,28,13,14.42964827657387,65.92662110445256,14.252438395874524,-93.90603236817299,0.8307712893885653
49,median_ratio,15,28,13,11.492578511395164,53.795152754153925,10.522950233311322,-93.90603236817299,0.8307712893885653
50,unadjusted,15,28,13,23.889721008337965,111.04487250046678,103.6481628095203,-135.5953388725237,0.7815076421313949
50,median_residual_shift,15,28,13,13.198753160407692,57.73313989449379,-31.94717606300341,-135.5953388725237,0.7815076421313949
50,median_ratio,15,28,13,9.029526853535726,44.00731339558585,-23.297056359758567,-135.5953388725237,0.7815076421313949
