batch,cell_id,cycle_life,policy,first_c_rate,n_cycles,n_early,early_mean_QD,early_mean_QC,early_mean_IR,early_mean_Tavg,early_mean_Tmax,early_mean_Tmin,early_mean_chargetime,delta_q_var,delta_q_logvar,delta_q_mean_abs,delta_q_min,knee_cycle,slope_before,slope_after,policy_switch_soc,second_c_rate,policy_rate_proxy,life_adjustment_cycles,reference_exclusion
batch1,batch1_000,1852.0,3.6C(80%)-3.6C,3.6,1189,100,1.0805965747474746,1.080434013131313,0.016643322040404,31.603747328822767,35.376748303030304,29.345268878787877,13.384230505050484,9.663600264771342e-06,-5.014861042960788,0.0029553268326952,-0.0084596429342688,,,,80.0,3.6,3.6,662,False
batch1,batch1_001,2160.0,3.6C(80%)-3.6C,3.6,1178,100,1.08124687979798,1.0810921000000002,0.016921770387755,31.33031430692745,34.160654787878784,29.561504050505047,13.374696464646446,9.683678956852016e-06,-5.013959617162855,0.0040996146213451,-0.0110038165966219,,,,80.0,3.6,3.6,981,False
batch1,batch1_002,2237.0,3.6C(80%)-3.6C,3.6,1176,100,1.0853711969696969,1.0851456515151514,0.0167689786020408,31.479584113211207,34.544643838383834,29.64075872727273,13.378886329966338,1.8323155109711005e-05,-4.7369997419805365,0.0044870752718771,-0.0172163918496444,,,,80.0,3.6,3.6,1060,False
batch1,batch1_003,1434.0,4C(80%)-4C,4.0,1225,100,1.08494896969697,1.0845464424242424,0.0163109127346938,29.942198807956427,30.662263141414144,29.38564177777777,12.053277171717166,3.608997994486938e-05,-4.442613359277012,0.0074678458205989,-0.0189605397732695,,,,80.0,4.0,4.0,208,False
batch1,batch1_004,1709.0,4C(80%)-4C,4.0,1226,100,1.0828435313131313,1.082700305050505,0.0166688861632653,31.44888383416564,34.38251588888889,29.487975303030296,12.053313636363642,2.250382488567616e-05,-4.647743660307859,0.005751417009648,-0.0139579950936773,,,,80.0,4.0,4.0,482,False
batch1,batch1_005,1074.0,4.4C(80%)-4.4C,4.4,1073,100,1.0803274434343435,1.0801648737373737,0.0162703885757575,30.92149771366389,33.02000678787879,29.24238684848485,15.07576803030309,6.624026126041227e-05,-4.178877963304522,0.0110945077663963,-0.0251787789493372,857.0,-6.613203412772618e-05,-0.0006368606300916,80.0,4.4,4.4,0,False
batch1,batch1_006,636.0,4.8C(80%)-4.8C,4.8,635,100,1.0809117848484848,1.0804206040404043,0.0166757100612244,32.27384521945563,35.79263145454546,29.74772723232324,10.04485760942758,0.0001702637129223,-3.768877900227724,0.0159709135908868,-0.0378860393134797,502.0,-0.0001052589534953,-0.0010588639236874,80.0,4.8,4.8,0,False
batch1,batch1_007,870.0,4.8C(80%)-4.8C,4.8,869,100,1.0969264323232324,1.096663804040404,0.0162139184081632,31.99008450921703,35.32269474747474,29.58006356565657,10.044094528619512,0.0001536434047758,-3.8134860773269863,0.0166457272456197,-0.0382333865070744,642.0,-7.553974778543489e-05,-0.0007038896325007,80.0,4.8,4.8,0,False
batch1,batch1_009,1054.0,5.4C(40%)-3.6C,5.4,1053,100,1.0876998484848484,1.0874001565656566,0.0168353652323232,32.64153361126789,35.98493365656566,30.276260303030305,11.241857609427615,8.72200481780871e-05,-4.059383677769545,0.0115106005684801,-0.0287244756962299,792.0,-6.152524095661568e-05,-0.0005582116237703,40.0,3.6,4.5,0,False
batch1,batch1_011,788.0,5.4C(50%)-3C,5.4,787,100,1.060083885858586,1.0594954424242422,0.0162007278265306,32.75932260623101,36.23175358585859,30.149756828282825,11.684114427609464,7.130228856858242e-05,-4.146896530502188,0.008409509199325,-0.0236915130336226,592.0,-6.099651291546512e-05,-0.0007104634643527,50.0,3.0,4.5,0,False
batch1,batch1_014,880.0,5.4C(60%)-3C,5.4,879,100,1.0761029171717174,1.075364595959596,0.0169750018383838,33.07746279993842,36.63094507070708,30.081030757575764,14.925935387205389,8.993529426869348e-05,-4.046069839990279,0.0119462182234678,-0.0282939556930506,657.0,-6.388365013612427e-05,-0.000681410844137,60.0,3.0,4.8,0,False
batch1,batch1_015,719.0,5.4C(60%)-3C,5.4,718,100,1.0676568858585858,1.0669695919191915,0.0168399864343434,33.147720104395674,37.05618863636363,29.95430322222223,14.92770846801342,9.595130743781206e-05,-4.017949103167607,0.0110130893131804,-0.028944554696785,552.0,-6.415766345828593e-05,-0.0008802256710466,60.0,3.0,4.8,0,False
batch1,batch1_016,862.0,5.4C(60%)-3.6C,5.4,861,100,1.0864695565656566,1.0858408646464648,0.0166975241428571,32.41716254671689,35.85141423232323,29.8397305959596,10.12547436026938,7.954013514589506e-05,-4.099413675443745,0.0124038061637924,-0.0276066748423711,672.0,-6.298748428284512e-05,-0.0008391174020133,60.0,3.6,4.95,0,False
batch1,batch1_017,857.0,5.4C(60%)-3.6C,5.4,856,100,1.0771062363636363,1.0768656303030304,0.0166762275353535,32.08875385853444,35.43276257575758,29.510072111111107,10.138112053872058,0.0001071125969275,-3.970159451162403,0.0133431157573995,-0.0310679671089385,652.0,-5.8879382785507986e-05,-0.0007476795752613,60.0,3.6,4.95,0,False
batch1,batch1_018,691.0,5.4C(70%)-3C,5.4,690,100,1.086443382828283,1.239790781818182,0.0180047544141414,31.83105727561802,35.415118353535355,29.92691219191919,9.925956313131316,0.0002238305979209,-3.650080545153841,0.0207023868033387,-0.0441332154082728,548.0,-0.0001190741622622,-0.0008802819615763,70.0,3.0,5.1,0,False
batch1,batch1_019,788.0,5.4C(70%)-3C,5.4,787,100,1.0883684717171715,1.0882763343434343,0.016324869080808,33.044085397077396,36.83902758585858,30.129123131313136,9.930255336700304,0.0002399347614457,-3.6199068274368353,0.0201066456600579,-0.0458926934265084,577.0,-8.742730340093213e-05,-0.0007363280229537,70.0,3.0,5.1,0,False
batch1,batch1_020,534.0,5.4C(80%)-5.4C,5.4,533,100,1.0698410858585858,1.0691817929292928,0.0152103660918367,32.15292201754506,34.92834715151515,29.96077201010101,9.027207626262616,0.0004293016817129,-3.367237410245857,0.0327964648448622,-0.0635804268966032,412.0,-0.0002667656655456,-0.0006882639692307,80.0,5.4,5.4,0,False
batch1,batch1_021,559.0,5.4C(80%)-5.4C,5.4,558,100,1.082226497979798,1.081284341414141,0.0150902362346938,33.13697371135654,36.94892544444445,30.249985080808084,8.987271380471348,0.0004463360322465,-3.3503380515995875,0.0306575771127106,-0.0647202627657549,442.0,-0.0001990790092106,-0.0009057587947826,80.0,5.4,5.4,0,False
batch1,batch1_023,1014.0,6C(30%)-3.6C,6.0,1013,100,1.0824610575757576,1.082351921212121,0.0168240025858585,31.990774547174937,34.8727843939394,29.80944408080807,11.458691784511789,9.103457241110652e-05,-4.0407936433278895,0.0133406205123602,-0.0299535169317572,772.0,-6.305563503289964e-05,-0.0005947434512244,30.0,3.6,4.5,0,False
batch1,batch1_024,1017.0,6C(40%)-3C,6.0,1016,100,1.0780331868686868,1.0779243464646466,0.0165874488888888,33.378063951824195,36.866496545454545,30.49927661616162,12.128487205387223,0.0001151694986635,-3.938662523656534,0.0138735070132826,-0.0318421340978982,757.0,-6.377940613454029e-05,-0.0005399251599931,40.0,3.0,4.5,0,False
batch1,batch1_025,854.0,6C(40%)-3C,6.0,853,100,1.078847887878788,1.0782877686868686,0.0165961417979797,33.848557073949294,37.990239878787875,30.579572131313135,12.137498080808076,9.378020536805894e-05,-4.027888820540259,0.0124061930528873,-0.0294411728905654,612.0,-6.637046163352816e-05,-0.0006200870461224,40.0,3.0,4.5,0,False
batch1,batch1_026,870.0,6C(40%)-3.6C,6.0,869,100,1.090574287878788,1.0905738262626266,0.0162854918383838,33.15641406115227,36.41381293939394,30.38804886868687,10.800664208754243,0.0001602433454256,-3.795219996785343,0.0178501571256248,-0.0383544536324539,652.0,-7.153953573037996e-05,-0.0007137890680761,40.0,3.6,4.8,0,False
batch1,batch1_027,842.0,6C(40%)-3.6C,6.0,841,100,1.0820360393939394,1.0820815363636365,0.0160989066666666,33.89497000372245,37.51131004040405,30.730024525252528,10.803712340067364,0.0001400544137433,-3.8537032000559392,0.0155276625638258,-0.0358321196463462,637.0,-6.8774413432695e-05,-0.0007125073252613,40.0,3.6,4.8,0,False
batch1,batch1_028,860.0,6C(50%)-3C,6.0,859,100,1.0806956292929295,1.0798740373737374,0.0166800375454545,33.773800525042,37.491157878787874,30.628645454545445,11.13825358585859,0.0001429842469732,-3.844711807496199,0.0166981227551627,-0.0372134803197419,627.0,-6.813694549923132e-05,-0.0006681272712765,50.0,3.0,4.875,0,False
batch1,batch1_029,917.0,6C(50%)-3C,6.0,916,100,1.0827828212121215,1.0825825171717172,0.0165455236262626,32.70415601771739,35.399409909090906,30.43108034343434,11.151875336700314,0.0001451170011316,-3.8382817049630766,0.016607171177101,-0.0368684498819182,682.0,-7.093458453795208e-05,-0.0006350121688251,50.0,3.0,4.875,0,False
batch1,batch1_030,709.0,6C(50%)-3.6C,6.0,708,100,1.082823717171717,1.082604001010101,0.0160094262525252,33.54008830692456,36.797617333333335,30.651611080808085,10.124524292929314,0.0001800117202166,-3.744699217898308,0.0177191221668012,-0.0408153850243965,552.0,-7.720064657484859e-05,-0.0009814606895161,50.0,3.6,5.1,0,False
batch1,batch1_031,876.0,6C(50%)-3.6C,6.0,875,100,1.0970684050505053,1.0967882626262626,0.0168655661414141,30.375396745150567,30.709141161616163,30.009055646464653,10.126957558922545,0.0001668273978984,-3.777732624088043,0.0180051933472254,-0.0394782064842472,672.0,-7.320530712352983e-05,-0.000785474048432,50.0,3.6,5.1,0,False
batch1,batch1_032,731.0,6C(60%)-3C,6.0,730,100,1.0806714494949494,1.0802991686868688,0.0161670642525252,33.08050304573433,36.23561784848484,30.377384848484855,10.129902676767715,0.000225702569302,-3.6464634970703615,0.0207302738370073,-0.0455662852625746,547.0,-7.962452914465598e-05,-0.000840284311522,60.0,3.0,5.25,0,False
batch1,batch1_033,757.0,6C(60%)-3C,6.0,756,100,1.0954916464646465,1.0950465656565656,0.0164837756565656,33.67169761442224,37.731304424242424,30.36514987878788,10.129993047138068,0.0002152496244542,-3.6670575975866417,0.021651569301358,-0.0449017812116827,557.0,-8.512937223587112e-05,-0.0008256987438086,60.0,3.0,5.25,0,False
batch1,batch1_034,742.0,7C(30%)-3.6C,7.0,741,100,1.0800699888888887,1.080049704040404,0.016855197080808,32.66455167507312,36.08252629292929,29.988331222222225,11.035507962962974,0.0001417045655742,-3.848616157008837,0.0160903403948189,-0.0372181417488076,582.0,-7.083360765771092e-05,-0.0009459555762463,30.0,3.6,4.875,0,False
batch1,batch1_035,703.0,7C(30%)-3.6C,7.0,702,100,1.0745076737373735,1.074457304040404,0.0169670922929292,32.09733437854189,34.87752171717172,29.81301455555556,11.036444074074083,0.0001688084508574,-3.77260581559603,0.018223341654084,-0.0391520343350484,522.0,-6.710304155553074e-05,-0.0008462964179706,30.0,3.6,4.875,0,False
batch1,batch1_036,704.0,7C(40%)-3C,7.0,703,100,1.0812765595959597,1.081064185858586,0.0164377462626262,32.04688205693082,33.970878757575754,30.278352737373737,11.554803670033683,0.0002140418309783,-3.669501342595944,0.0210423508580267,-0.0446214059612219,527.0,-7.663187912087905e-05,-0.0008824215441441,40.0,3.0,5.0,0,False
batch1,batch1_037,648.0,7C(40%)-3C,7.0,647,100,1.0780300424242424,1.077913713131313,0.016546422020202,32.95969887229894,36.05156987878788,30.246154101010102,11.56145520202023,0.000211865921671,-3.673938893314921,0.0194368246349165,-0.0445447849576301,487.0,-8.495311895118867e-05,-0.0009209778736631,40.0,3.0,5.0,0,False
batch1,batch1_038,617.0,7C(40%)-3.6C,7.0,616,100,1.075801506060606,1.0758947444444444,0.0162120569696969,33.69474656343401,37.29856363636363,30.44186774747475,10.231588400673418,0.0003689366724831,-3.4330481735466756,0.026767017827493,-0.0564155969469958,472.0,-8.35150791460476e-05,-0.0010603480704433,40.0,3.6,5.3,0,False
batch1,batch1_039,625.0,7C(40%)-3.6C,7.0,624,100,1.0856589989898993,1.0856706424242424,0.0166911045555555,33.50643317156701,37.40386024242424,30.338561797979796,10.242025976430943,0.0003129437479421,-3.5045337204530713,0.024440041487006,-0.0531439540918114,472.0,-8.428046736264225e-05,-0.0010674992637096,40.0,3.6,5.3,0,False
batch1,batch1_040,966.0,8C(15%)-3.6C,8.0,965,100,1.086929977777778,1.087122691919192,0.0166792732121212,33.45968416375564,37.756139949494944,30.277771616161615,12.08722432659934,8.806174658415387e-05,-4.0552127051547355,0.0126288078477035,-0.0290957088162858,692.0,-6.618428038147146e-05,-0.0005425229244588,15.0,3.6,4.425,0,False
batch1,batch1_041,1051.0,8C(15%)-3.6C,8.0,1050,100,1.082886786868687,1.0829608636363637,0.0167448905050505,33.07332253245542,36.823245303030305,30.24096153535354,12.091290892255914,8.48176100238975e-05,-4.071513969179501,0.0123591032870353,-0.028506291359022,802.0,-6.586358689792623e-05,-0.0005774365661464,15.0,3.6,4.425,0,False
batch1,batch1_042,702.0,8C(25%)-3.6C,8.0,701,100,1.083889183838384,1.0839663565656563,0.0167156228383838,33.58506724391689,37.673212,30.352109616161624,11.17812432659938,0.0002158461043174,-3.6658557852690015,0.0205992102528132,-0.0447096457287301,497.0,-7.378798466295865e-05,-0.0007971692865853,25.0,3.6,4.975,0,False
batch1,batch1_043,651.0,8C(25%)-3.6C,8.0,650,100,1.070522194949495,1.070406282828283,0.0161048555656565,33.339782658681436,36.82060524242424,30.253967161616156,11.17782324915825,0.000214892336711,-3.667779071634814,0.0191656267784761,-0.0446058901526373,487.0,-7.93867750631168e-05,-0.0009082633830213,25.0,3.6,4.975,0,False
batch1,batch1_044,616.0,8C(35%)-3.6C,8.0,615,100,1.0868420717171718,1.0868229828282827,0.0174138499696969,32.55333216968652,35.79095866666666,29.951694818181817,10.258049427609436,0.0003795770928016,-3.42070000480644,0.029329092901317,-0.0587970716540376,427.0,-8.995814442055712e-05,-0.0008807572716927,35.0,3.6,5.525,0,False
batch1,batch1_045,599.0,8C(35%)-3.6C,8.0,598,100,1.0871594505050506,1.086926824242424,0.0166742515858585,33.000547391096504,36.69642807070707,29.91254707070707,10.257274326599305,0.0003755845892835,-3.425292235698853,0.0288716110483485,-0.0594035099161143,432.0,-8.98905062502954e-05,-0.000986468512605,35.0,3.6,5.525,0,False
