model,family,cv_mape_pct,cv_mape_sd,batch1_holdout,batch2,batch3
log_ridge_policy,target_transform,5.8428782831968205,1.4821580167236923,14.674130390433746,64.69944501025273,23.000327196014815
log_ridge_core,target_transform,6.189613218850982,1.887946360115805,15.159642571006426,50.476108081773916,16.851982936309753
ridge_policy_a1,ridge,6.33525975292503,1.1719024241884464,10.576448574238523,66.24638392833555,22.892103961116465
elastic_core_a0.1,elastic,6.646301583928246,1.9761798342076256,10.793547406699563,49.2844143370097,16.88046852762962
ridge_core_a1,ridge,6.663014799186643,1.842078264711437,11.010712653284077,48.6710545241231,16.674963588101026
elastic_core_a0.01,elastic,6.711240911195217,1.516330257429667,11.255718734668735,48.28193474904225,16.52883946009675
ridge_core_a0.1,ridge,6.713255751873584,1.5026657204900573,11.278716211747128,48.216226403204466,16.504026240005775
linear_core,linear,6.718959916482435,1.4655406996160327,11.309227627127537,48.16438367331899,16.483780657118203
ridge_core_a10,ridge,8.243294566706185,1.6521195712016192,9.006908023471421,52.69192958449378,17.72377367721211
extra_trees,ensemble,8.510679507219866,3.76878725824415,8.08883450322866,37.71679511289672,13.579118853030531
random_forest_policy,ensemble,8.939452140775028,3.641312479183709,6.35696062520629,43.53922668054855,17.02287939825265
knn_3,neighbors,8.958069283168376,2.872102273072911,5.687873987348749,62.08440314488995,22.0386525337412
svr_rbf_c1,kernel,9.26057162419695,6.457346070957317,8.890872926793094,59.54401941321087,19.122316089785503
gradient_boosting,ensemble,9.394574000050412,4.464383911619788,7.195101167709763,39.824989629966026,14.632209909035666
random_forest,ensemble,9.553755291939243,4.341007067512583,7.109184949763554,33.55947838820846,12.331820106610438
knn_5,neighbors,9.598717360862665,2.843251697798067,8.343755415795261,57.72903241966297,18.430493219072837
svr_rbf_c10,kernel,11.369991839331629,6.996268558673024,8.43201843961796,58.527103329149156,19.671714967345522
tree_d2,tree,11.531719949091254,6.3247668763526,8.62090063219112,29.39987144265983,13.7429257265048
huber_core,robust,16.49166428483168,6.542090521052849,12.90050386238202,66.43754075590645,19.079482168015407
median,baseline,19.627185157912557,10.22532628423933,16.48776194259127,76.79022259652926,18.81780900905545
