model,family,set,n,mape_pct,mae_cycles,bias_cycles
median,baseline,batch1_holdout,11,16.48776194259127,154.8181818181818,-38.09090909090909
median,baseline,batch2,34,76.79022259652926,361.79411764705884,307.79411764705884
median,baseline,batch3,40,18.81780900905545,228.075,-173.5
linear_core,linear,batch1_holdout,11,11.309227627127537,109.12417445359365,68.20155629810682
linear_core,linear,batch2,34,48.16438367331899,234.7766506135403,208.3448793774161
linear_core,linear,batch3,40,16.483780657118203,200.64159267719046,-193.9291383278271
ridge_core_a0.1,ridge,batch1_holdout,11,11.278716211747128,108.72001137864794,67.8141438207684
ridge_core_a0.1,ridge,batch2,34,48.216226403204466,234.96575739641193,208.45791235557164
ridge_core_a0.1,ridge,batch3,40,16.504026240005775,200.9202411243703,-194.24638798199672
ridge_core_a1,ridge,batch1_holdout,11,11.010712653284077,105.1857473714466,64.44413010462962
ridge_core_a1,ridge,batch2,34,48.6710545241231,236.63128079943263,209.4710117887416
ridge_core_a1,ridge,batch3,40,16.674963588101026,203.29044550556378,-196.9416135655585
ridge_core_a10,ridge,batch1_holdout,11,9.006908023471421,78.91012493491863,39.032427530148034
ridge_core_a10,ridge,batch2,34,52.69192958449378,254.07284632549715,218.88894298249826
ridge_core_a10,ridge,batch3,40,17.72377367721211,218.52179160373916,-213.2461734334539
ridge_policy_a1,ridge,batch1_holdout,11,10.576448574238523,101.26455766390319,53.42249456993022
ridge_policy_a1,ridge,batch2,34,66.24638392833555,317.7167757431747,272.30145091646955
ridge_policy_a1,ridge,batch3,40,22.892103961116465,273.83114013305413,-273.83114013305413
elastic_core_a0.01,elastic,batch1_holdout,11,11.255718734668735,108.41543310631278,67.5234094087974
elastic_core_a0.01,elastic,batch2,34,48.28193474904225,235.2040091811639,208.60014914108666
elastic_core_a0.01,elastic,batch3,40,16.52883946009675,201.2663922439324,-194.63821135162115
elastic_core_a0.1,elastic,batch1_holdout,11,10.793547406699563,102.3387829986862,61.76048446361619
elastic_core_a0.1,elastic,batch2,34,49.2844143370097,238.87714192954851,210.8769949556971
elastic_core_a0.1,elastic,batch3,40,16.88046852762962,206.23421830648005,-200.2561748035736
huber_core,robust,batch1_holdout,11,12.90050386238202,122.37530445875899,-50.933208954538486
huber_core,robust,batch2,34,66.43754075590645,317.5195341829905,259.61909571402987
huber_core,robust,batch3,40,19.079482168015407,238.65586659028105,-221.88791881235412
log_ridge_core,target_transform,batch1_holdout,11,15.159642571006426,158.863902447856,111.00336285312488
log_ridge_core,target_transform,batch2,34,50.476108081773916,246.55532260261006,218.4964500618139
log_ridge_core,target_transform,batch3,40,16.851982936309753,207.50158752547856,-204.12558994721098
log_ridge_policy,target_transform,batch1_holdout,11,14.674130390433746,153.5467237013769,97.014560817856
log_ridge_policy,target_transform,batch2,34,64.69944501025273,309.88021035885123,267.2075888780116
log_ridge_policy,target_transform,batch3,40,23.000327196014815,276.8608243992502,-276.8608243992502
svr_rbf_c1,kernel,batch1_holdout,11,8.890872926793094,86.79694948633698,-53.88864153076062
svr_rbf_c1,kernel,batch2,34,59.54401941321087,288.6282328446864,233.20417638211038
svr_rbf_c1,kernel,batch3,40,19.122316089785503,232.76802748007148,-199.82910462177944
svr_rbf_c10,kernel,batch1_holdout,11,8.43201843961796,75.51980958384084,-23.856990534848283
svr_rbf_c10,kernel,batch2,34,58.527103329149156,285.2075450148532,228.6116795979031
svr_rbf_c10,kernel,batch3,40,19.671714967345522,239.87713370883938,-202.19589779804787
knn_3,neighbors,batch1_holdout,11,5.687873987348749,46.18181818181816,-14.42424242424241
knn_3,neighbors,batch2,34,62.08440314488995,300.1372549019608,244.76470588235293
knn_3,neighbors,batch3,40,22.0386525337412,267.125,-250.14166666666665
knn_5,neighbors,batch1_holdout,11,8.343755415795261,75.2727272727273,-23.34545454545456
knn_5,neighbors,batch2,34,57.72903241966297,279.10588235294114,227.99999999999994
knn_5,neighbors,batch3,40,18.430493219072837,232.965,-222.14499999999998
tree_d2,tree,batch1_holdout,11,8.62090063219112,73.30213903743316,8.882352941176494
tree_d2,tree,batch2,34,29.39987144265983,143.0406688367046,142.61910020925362
tree_d2,tree,batch3,40,13.7429257265048,155.94168313570486,-23.564509222661435
random_forest,ensemble,batch1_holdout,11,7.109184949763554,58.110992663901726,15.523293540802372
random_forest,ensemble,batch2,34,33.55947838820846,161.4174045963209,147.03562021468946
random_forest,ensemble,batch3,40,12.331820106610438,151.62773138716722,-103.1201711890011
extra_trees,ensemble,batch1_holdout,11,8.08883450322866,66.34239636649039,5.676266668309464
extra_trees,ensemble,batch2,34,37.71679511289672,182.42154829154563,154.2490416070647
extra_trees,ensemble,batch3,40,13.579118853030531,170.01033008368012,-128.0613049577414
gradient_boosting,ensemble,batch1_holdout,11,7.195101167709763,59.75937838695245,-9.12655888761616
gradient_boosting,ensemble,batch2,34,39.824989629966026,192.8027555613998,170.45784297057034
gradient_boosting,ensemble,batch3,40,14.632209909035666,182.17307637477577,-165.35203909475632
random_forest_policy,ensemble,batch1_holdout,11,6.35696062520629,51.49802819301913,9.164678280305607
random_forest_policy,ensemble,batch2,34,43.53922668054855,211.6037508178097,164.64522793081588
random_forest_policy,ensemble,batch3,40,17.02287939825265,215.9801998790751,-198.65403616778636
