model,family,cv_mape_pct,cv_mape_sd,cv_mae_cycles
log_ridge_policy,target_transform,5.8428782831968205,1.4821580167236923,50.63039531868973
log_ridge_core,target_transform,6.189613218850982,1.887946360115805,54.54263024507344
ridge_policy_a1,ridge,6.33525975292503,1.1719024241884464,50.51375184288148
elastic_core_a0.1,elastic,6.646301583928246,1.9761798342076256,55.92401258426762
ridge_core_a1,ridge,6.663014799186643,1.8420782647114373,55.92156735969694
elastic_core_a0.01,elastic,6.711240911195217,1.5163302574296673,55.9740750507878
ridge_core_a0.1,ridge,6.713255751873584,1.5026657204900573,55.97469413749042
linear_core,linear,6.718959916482435,1.4655406996160327,55.97934592960339
ridge_core_a10,ridge,8.243294566706185,1.6521195712016192,68.5759541547022
extra_trees,ensemble,8.510679507219866,3.76878725824415,71.99036337792751
random_forest_policy,ensemble,8.939452140775028,3.6413124791837084,72.57236215889934
knn_3,neighbors,8.958069283168376,2.872102273072911,77.22261904761903
svr_rbf_c1,kernel,9.26057162419695,6.457346070957317,79.83683921852298
gradient_boosting,ensemble,9.394574000050412,4.464383911619788,77.47392355755511
random_forest,ensemble,9.553755291939243,4.341007067512583,79.89236140819503
knn_5,neighbors,9.598717360862665,2.843251697798067,80.24880952380951
svr_rbf_c10,kernel,11.369991839331629,6.996268558673024,95.19838208668003
tree_d2,tree,11.531719949091254,6.3247668763526,93.92032661782662
huber_core,robust,16.49166428483168,6.542090521052849,131.53826042864404
median,baseline,19.627185157912557,10.22532628423933,150.01190476190476
