model,fold,cell_id,actual,predicted,ape_pct
median,1,batch1_003,1226.0,870.0,29.03752039151713
median,1,batch1_004,1227.0,870.0,29.095354523227385
median,1,batch1_020,534.0,870.0,62.92134831460674
median,1,batch1_021,559.0,870.0,55.635062611806795
median,1,batch1_032,731.0,870.0,19.01504787961696
median,1,batch1_033,757.0,870.0,14.927344782034346
median,1,batch1_044,616.0,870.0,41.23376623376623
median,1,batch1_045,599.0,870.0,45.242070116861434
median,2,batch1_006,636.0,870.0,36.79245283018868
median,2,batch1_007,870.0,870.0,0.0
median,2,batch1_016,862.0,870.0,0.9280742459396751
median,2,batch1_017,857.0,870.0,1.5169194865810969
median,2,batch1_030,709.0,870.0,22.708039492242595
median,2,batch1_031,876.0,870.0,0.684931506849315
median,2,batch1_042,702.0,870.0,23.931623931623932
median,2,batch1_043,651.0,870.0,33.64055299539171
median,3,batch1_005,1074.0,799.5,25.558659217877096
median,3,batch1_010,906.0,799.5,11.754966887417218
median,3,batch1_011,788.0,799.5,1.4593908629441625
median,3,batch1_024,1017.0,799.5,21.386430678466077
median,3,batch1_025,854.0,799.5,6.381733021077284
median,3,batch1_040,966.0,799.5,17.236024844720497
median,3,batch1_041,1051.0,799.5,23.929590865842055
median,4,batch1_012,902.0,857.0,4.988913525498892
median,4,batch1_013,897.0,857.0,4.459308807134894
median,4,batch1_026,870.0,857.0,1.4942528735632183
median,4,batch1_027,842.0,857.0,1.7814726840855106
median,4,batch1_036,704.0,857.0,21.732954545454547
median,4,batch1_037,648.0,857.0,32.25308641975309
median,5,batch1_008,879.0,854.0,2.844141069397042
median,5,batch1_009,1054.0,854.0,18.975332068311197
median,5,batch1_022,891.0,854.0,4.1526374859708195
median,5,batch1_023,1014.0,854.0,15.779092702169626
median,5,batch1_038,617.0,854.0,38.41166936790924
median,5,batch1_039,625.0,854.0,36.64
linear_core,1,batch1_003,1226.0,1165.7038470623497,4.918120141733302
linear_core,1,batch1_004,1227.0,1272.0971921577766,3.6754027838448726
linear_core,1,batch1_020,534.0,471.767731199143,11.653982921508804
linear_core,1,batch1_021,559.0,532.3143303966094,4.773822827082394
linear_core,1,batch1_032,731.0,692.0125979667963,5.33343393067082
linear_core,1,batch1_033,757.0,787.1046293558743,3.9768334684113995
linear_core,1,batch1_044,616.0,597.5531291294859,2.9946218945639758
linear_core,1,batch1_045,599.0,602.3760919458969,0.5636213599160034
linear_core,2,batch1_006,636.0,788.3427632132592,23.953264656172834
linear_core,2,batch1_007,870.0,893.8632049290346,2.7428971182798416
linear_core,2,batch1_016,862.0,990.782974310424,14.940020221626918
linear_core,2,batch1_017,857.0,879.5317732732448,2.62914507272401
linear_core,2,batch1_030,709.0,770.289737487197,8.64453279085995
linear_core,2,batch1_031,876.0,893.8861049227395,2.0417927993994853
linear_core,2,batch1_042,702.0,732.8032615372831,4.387928993914972
linear_core,2,batch1_043,651.0,671.1924816376973,3.101763692426614
linear_core,3,batch1_005,1074.0,999.6046778294999,6.926938749581014
linear_core,3,batch1_010,906.0,889.6509027676155,1.8045361183647297
linear_core,3,batch1_011,788.0,873.0051433859833,10.787454744414122
linear_core,3,batch1_024,1017.0,829.0988470887738,18.47602290179215
linear_core,3,batch1_025,854.0,870.9574475646668,1.9856495977361635
linear_core,3,batch1_040,966.0,923.6586358812717,4.383163987445991
linear_core,3,batch1_041,1051.0,921.6408875237819,12.308193384987451
linear_core,4,batch1_012,902.0,964.8776055575962,6.970909707050578
linear_core,4,batch1_013,897.0,946.4807447425411,5.5162480203501785
linear_core,4,batch1_026,870.0,826.4023929749103,5.011219198286173
linear_core,4,batch1_027,842.0,812.9877998646879,3.445629469752034
linear_core,4,batch1_036,704.0,729.0454522963686,3.5575926557341733
linear_core,4,batch1_037,648.0,707.8059681306429,9.229316069543657
linear_core,5,batch1_008,879.0,969.9000572985169,10.341303446930251
linear_core,5,batch1_009,1054.0,957.5755596788737,9.148428872972138
linear_core,5,batch1_022,891.0,872.6462098869863,2.059909103593008
linear_core,5,batch1_023,1014.0,925.904605449878,8.68790873275365
linear_core,5,batch1_038,617.0,546.8866349949162,11.363592383319899
linear_core,5,batch1_039,625.0,640.0774128566215,2.412386057059448
ridge_core_a0.1,1,batch1_003,1226.0,1164.9773669914132,4.977376264974454
ridge_core_a0.1,1,batch1_004,1227.0,1270.5967906682877,3.5531206738620758
ridge_core_a0.1,1,batch1_020,534.0,473.5794224649635,11.314714894201591
ridge_core_a0.1,1,batch1_021,559.0,533.5367383240374,4.555145201424437
ridge_core_a0.1,1,batch1_032,731.0,692.5914111568643,5.254252919717606
ridge_core_a0.1,1,batch1_033,757.0,787.0178986904358,3.9653763131355086
ridge_core_a0.1,1,batch1_044,616.0,598.5950266388074,2.8254826885052857
ridge_core_a0.1,1,batch1_045,599.0,603.2922654715767,0.7165718650378438
ridge_core_a0.1,2,batch1_006,636.0,788.7908817274385,24.023723542050085
ridge_core_a0.1,2,batch1_007,870.0,894.0188826583533,2.760791110155549
ridge_core_a0.1,2,batch1_016,862.0,990.2751849254873,14.881111940311756
ridge_core_a0.1,2,batch1_017,857.0,879.6234188631614,2.639838840508917
ridge_core_a0.1,2,batch1_030,709.0,770.3093021571599,8.64729226476162
ridge_core_a0.1,2,batch1_031,876.0,894.7045768473499,2.1352256675056993
ridge_core_a0.1,2,batch1_042,702.0,732.9798902142462,4.413089774109147
ridge_core_a0.1,2,batch1_043,651.0,671.6904139616623,3.1782509925748585
ridge_core_a0.1,3,batch1_005,1074.0,999.3387126889988,6.951702729143498
ridge_core_a0.1,3,batch1_010,906.0,888.9623315167507,1.8805373601820379
ridge_core_a0.1,3,batch1_011,788.0,872.3230461314799,10.70089417912182
ridge_core_a0.1,3,batch1_024,1017.0,828.5723670449238,18.52779085103994
ridge_core_a0.1,3,batch1_025,854.0,870.057661981127,1.8802882881881746
ridge_core_a0.1,3,batch1_040,966.0,922.7737923276801,4.47476269899792
ridge_core_a0.1,3,batch1_041,1051.0,920.8762929278877,12.380942632931715
ridge_core_a0.1,4,batch1_012,902.0,963.969109410528,6.8701895133623
ridge_core_a0.1,4,batch1_013,897.0,946.1867937797302,5.483477567416971
ridge_core_a0.1,4,batch1_026,870.0,826.1740452490903,5.03746606332295
ridge_core_a0.1,4,batch1_027,842.0,812.5695664292049,3.495300899144313
ridge_core_a0.1,4,batch1_036,704.0,729.7366874246006,3.6557794637216805
ridge_core_a0.1,4,batch1_037,648.0,708.2431020357801,9.296775005521623
ridge_core_a0.1,5,batch1_008,879.0,969.3910374817799,10.283394480293504
ridge_core_a0.1,5,batch1_009,1054.0,957.0123367002831,9.201865588208438
ridge_core_a0.1,5,batch1_022,891.0,872.400937781023,2.0874368371466887
ridge_core_a0.1,5,batch1_023,1014.0,925.6791817434026,8.710139867514533
ridge_core_a0.1,5,batch1_038,617.0,547.7659627837038,11.221075723872966
ridge_core_a0.1,5,batch1_039,625.0,640.5667164167401,2.4906746266784103
ridge_core_a1,1,batch1_003,1226.0,1158.5061128567017,5.505211023107525
ridge_core_a1,1,batch1_004,1227.0,1257.5941112937965,2.4934076034063946
ridge_core_a1,1,batch1_020,534.0,489.0275449732802,8.421808057438161
ridge_core_a1,1,batch1_021,559.0,544.0690622244019,2.6710085466186166
ridge_core_a1,1,batch1_032,731.0,697.5813198119729,4.571638876611096
ridge_core_a1,1,batch1_033,757.0,786.4156446558839,3.885818316497206
ridge_core_a1,1,batch1_044,616.0,607.5501102286538,1.371735352491265
ridge_core_a1,1,batch1_045,599.0,611.2069737055713,2.0378921044359384
ridge_core_a1,2,batch1_006,636.0,792.5552923139606,24.61561199905042
ridge_core_a1,2,batch1_007,870.0,895.2076083697567,2.8974262493973235
ridge_core_a1,2,batch1_016,862.0,985.893047996077,14.372743387015898
ridge_core_a1,2,batch1_017,857.0,880.3359629075421,2.72298283635264
ridge_core_a1,2,batch1_030,709.0,770.5782284430352,8.685222629483102
ridge_core_a1,2,batch1_031,876.0,901.3348054408978,2.892101077728054
ridge_core_a1,2,batch1_042,702.0,734.5905230292686,4.642524648043966
ridge_core_a1,2,batch1_043,651.0,676.0469030916013,3.8474505517052657
ridge_core_a1,3,batch1_005,1074.0,996.8697604973732,7.181586545868413
ridge_core_a1,3,batch1_010,906.0,883.1846758634871,2.518247697186856
ridge_core_a1,3,batch1_011,788.0,866.5645720586405,9.97012335769549
ridge_core_a1,3,batch1_024,1017.0,824.1977729681604,18.95793776124283
ridge_core_a1,3,batch1_025,854.0,862.5667879169956,1.0031367584304007
ridge_core_a1,3,batch1_040,966.0,915.3537094803439,5.242887217355702
ridge_core_a1,3,batch1_041,1051.0,914.4341847315417,12.993892984629717
ridge_core_a1,4,batch1_012,902.0,956.3198725651928,6.022158820974809
ridge_core_a1,4,batch1_013,897.0,943.618863904913,5.197197759745044
ridge_core_a1,4,batch1_026,870.0,824.3179349570383,5.250812073903639
ridge_core_a1,4,batch1_027,842.0,809.1558418416901,3.9007313727208954
ridge_core_a1,4,batch1_036,704.0,735.5571162446101,4.482544921109395
ridge_core_a1,4,batch1_037,648.0,711.9973871561044,9.87613999322599
ridge_core_a1,5,batch1_008,879.0,964.9992698708941,9.783762215118777
ridge_core_a1,5,batch1_009,1054.0,952.1817458227973,9.660175918140672
ridge_core_a1,5,batch1_022,891.0,870.3087304926738,2.322252469958045
ridge_core_a1,5,batch1_023,1014.0,923.685841833944,8.9067217126288
ridge_core_a1,5,batch1_038,617.0,555.3965846967014,9.984346078330399
ridge_core_a1,5,batch1_039,625.0,644.8542575285564,3.1766812045690314
ridge_core_a10,1,batch1_003,1226.0,1102.7471587767725,10.053249691943517
ridge_core_a10,1,batch1_004,1227.0,1162.5461154033399,5.252965329801153
ridge_core_a10,1,batch1_020,534.0,590.1570172140736,10.516295358440743
ridge_core_a10,1,batch1_021,559.0,618.1335958170216,10.578460790164868
ridge_core_a10,1,batch1_032,731.0,732.8478449297411,0.2527831641232676
ridge_core_a10,1,batch1_033,757.0,788.876503378613,4.210898729010971
ridge_core_a10,1,batch1_044,616.0,669.3623058216804,8.66271198403902
ridge_core_a10,1,batch1_045,599.0,667.7621570798335,11.479491999972206
ridge_core_a10,2,batch1_006,636.0,814.5322542891611,28.071109164962433
ridge_core_a10,2,batch1_007,870.0,896.486491193272,3.0444242750887294
ridge_core_a10,2,batch1_016,862.0,954.5193864659061,10.733107478643399
ridge_core_a10,2,batch1_017,857.0,881.5212437113539,2.8612886477659183
ridge_core_a10,2,batch1_030,709.0,777.3970112493216,9.646969146589791
ridge_core_a10,2,batch1_031,876.0,928.1029808201498,5.947828860747695
ridge_core_a10,2,batch1_042,702.0,750.3920574703054,6.893455480100487
ridge_core_a10,2,batch1_043,651.0,709.9732668211878,9.058873551641758
ridge_core_a10,3,batch1_005,1074.0,970.8426588885607,9.6049665839329
ridge_core_a10,3,batch1_010,906.0,849.539098808406,6.231887548741056
ridge_core_a10,3,batch1_011,788.0,832.0957771871941,5.59591081055763
ridge_core_a10,3,batch1_024,1017.0,801.0094611018649,21.238007757928724
ridge_core_a10,3,batch1_025,854.0,821.9483528399979,3.753120276346846
ridge_core_a10,3,batch1_040,966.0,872.1447164580907,9.715867861481298
ridge_core_a10,3,batch1_041,1051.0,875.5500975374476,16.693615838492136
ridge_core_a10,4,batch1_012,902.0,910.6940192167696,0.9638602235886432
ridge_core_a10,4,batch1_013,897.0,923.5845138821262,2.9637139221991307
ridge_core_a10,4,batch1_026,870.0,816.4235071221029,6.158217572172077
ridge_core_a10,4,batch1_027,842.0,794.2274090589437,5.673704387298842
ridge_core_a10,4,batch1_036,704.0,770.3454163760813,9.42406482614791
ridge_core_a10,4,batch1_037,648.0,738.2201505284494,13.922862735871817
ridge_core_a10,5,batch1_008,879.0,933.6778286118561,6.2204583176172985
ridge_core_a10,5,batch1_009,1054.0,919.2988820748704,12.779992213010393
ridge_core_a10,5,batch1_022,891.0,856.6784507263868,3.8520257321675855
ridge_core_a10,5,batch1_023,1014.0,907.0005038905059,10.552218551232158
ridge_core_a10,5,batch1_038,617.0,611.975625176255,0.814323310169369
ridge_core_a10,5,batch1_039,625.0,678.730321182723,8.596851389235672
ridge_policy_a1,1,batch1_003,1226.0,1208.6593920985379,1.4144052121910389
ridge_policy_a1,1,batch1_004,1227.0,1247.5818031178515,1.677408567062058
ridge_policy_a1,1,batch1_020,534.0,488.388064412753,8.541560971394567
ridge_policy_a1,1,batch1_021,559.0,537.059873399509,3.9248884795153844
ridge_policy_a1,1,batch1_032,731.0,652.5892611340976,10.726503264829335
ridge_policy_a1,1,batch1_033,757.0,728.9993680858478,3.6988945725432263
ridge_policy_a1,1,batch1_044,616.0,562.1661895793118,8.739254938423413
ridge_policy_a1,1,batch1_045,599.0,561.0269923397095,6.339400277177042
ridge_policy_a1,2,batch1_006,636.0,816.3803772118556,28.361694530165973
ridge_policy_a1,2,batch1_007,870.0,911.7990627138963,4.804489967114519
ridge_policy_a1,2,batch1_016,862.0,894.04270261218,3.7172508830835325
ridge_policy_a1,2,batch1_017,857.0,819.4675468643679,4.37951611851016
ridge_policy_a1,2,batch1_030,709.0,738.9703129537178,4.2271245350800815
ridge_policy_a1,2,batch1_031,876.0,864.4914486545259,1.313761569118045
ridge_policy_a1,2,batch1_042,702.0,749.8320786940218,6.813686423649827
ridge_policy_a1,2,batch1_043,651.0,687.051058277248,5.537796970391396
ridge_policy_a1,3,batch1_005,1074.0,1004.1883226000352,6.500156182492064
ridge_policy_a1,3,batch1_010,906.0,907.4156795605508,0.15625602213584514
ridge_policy_a1,3,batch1_011,788.0,864.726108951634,9.736815856806352
ridge_policy_a1,3,batch1_024,1017.0,860.2383883214567,15.41412110900131
ridge_policy_a1,3,batch1_025,854.0,887.0105372201286,3.8654024847925808
ridge_policy_a1,3,batch1_040,966.0,946.9200646565582,1.9751485862776166
ridge_policy_a1,3,batch1_041,1051.0,941.2819831496855,10.43939265940195
ridge_policy_a1,4,batch1_012,902.0,909.4531836198765,0.8262953015384191
ridge_policy_a1,4,batch1_013,897.0,920.5919804702646,2.6300981572201354
ridge_policy_a1,4,batch1_026,870.0,843.5639712701618,3.038623991935425
ridge_policy_a1,4,batch1_027,842.0,808.9229529508988,3.9283903858790055
ridge_policy_a1,4,batch1_036,704.0,748.6484432771514,6.342108420049912
ridge_policy_a1,4,batch1_037,648.0,719.2063502387241,10.988634296099399
ridge_policy_a1,5,batch1_008,879.0,1009.4002153386122,14.835064316110598
ridge_policy_a1,5,batch1_009,1054.0,976.6291945100145,7.34068363282595
ridge_policy_a1,5,batch1_022,891.0,915.892750533365,2.7937991619938227
ridge_policy_a1,5,batch1_023,1014.0,950.3842868505877,6.273738969370047
ridge_policy_a1,5,batch1_038,617.0,558.3231227515246,9.510028727467652
ridge_policy_a1,5,batch1_039,625.0,638.5588727357741,2.1694196377238586
elastic_core_a0.01,1,batch1_003,1226.0,1164.731771033967,4.997408561666631
elastic_core_a0.01,1,batch1_004,1227.0,1270.059964352476,3.5093695478790603
elastic_core_a0.01,1,batch1_020,534.0,474.2511517174759,11.188922899349079
elastic_core_a0.01,1,batch1_021,559.0,533.9793016162293,4.475974666148596
elastic_core_a0.01,1,batch1_032,731.0,692.8010610312074,5.225573046346459
elastic_core_a0.01,1,batch1_033,757.0,786.9719472709041,3.9593061124047737
elastic_core_a0.01,1,batch1_044,616.0,598.9732370560027,2.764084893506048
elastic_core_a0.01,1,batch1_045,599.0,603.6213080750294,0.7715038522586722
elastic_core_a0.01,2,batch1_006,636.0,788.9454909049363,24.0480331611535
elastic_core_a0.01,2,batch1_007,870.0,894.058216266516,2.765312214542064
elastic_core_a0.01,2,batch1_016,862.0,990.093142349013,14.85999331195046
elastic_core_a0.01,2,batch1_017,857.0,879.6552384777616,2.6435517476968027
elastic_core_a0.01,2,batch1_030,709.0,770.3207811097391,8.648911298975891
elastic_core_a0.01,2,batch1_031,876.0,894.9651600807978,2.164972611963216
elastic_core_a0.01,2,batch1_042,702.0,733.0456849837041,4.422462248390892
elastic_core_a0.01,2,batch1_043,651.0,671.8764063812048,3.2068212567134853
elastic_core_a0.01,3,batch1_005,1074.0,999.2254404322223,6.962249494206491
elastic_core_a0.01,3,batch1_010,906.0,888.692442472087,1.9103264379594913
elastic_core_a0.01,3,batch1_011,788.0,872.0627461467247,10.667861186132582
elastic_core_a0.01,3,batch1_024,1017.0,828.3695166745644,18.547736806827498
elastic_core_a0.01,3,batch1_025,854.0,869.7083533672521,1.8393856401934578
elastic_core_a0.01,3,batch1_040,966.0,922.424834115896,4.510886737484883
elastic_core_a0.01,3,batch1_041,1051.0,920.5749017731846,12.40961924137159
elastic_core_a0.01,4,batch1_012,902.0,963.5699448685314,6.825936238196382
elastic_core_a0.01,4,batch1_013,897.0,946.0527163190483,5.468530247385537
elastic_core_a0.01,4,batch1_026,870.0,826.0733506808091,5.049040151631139
elastic_core_a0.01,4,batch1_027,842.0,812.3909269378366,3.5165169907557434
elastic_core_a0.01,4,batch1_036,704.0,730.0413545368127,3.6990560421608976
elastic_core_a0.01,4,batch1_037,648.0,708.4407686277588,9.32727910922203
elastic_core_a0.01,5,batch1_008,879.0,969.1537101880057,10.25639478816902
elastic_core_a0.01,5,batch1_009,1054.0,956.7562117826519,9.226165865023537
elastic_core_a0.01,5,batch1_022,891.0,872.2911054927758,2.0997636932911514
elastic_core_a0.01,5,batch1_023,1014.0,925.5742167632219,8.72049144346924
elastic_core_a0.01,5,batch1_038,617.0,548.1704724151471,11.155515005648775
elastic_core_a0.01,5,batch1_039,625.0,640.790458525715,2.5264733641144086
elastic_core_a0.1,1,batch1_003,1226.0,1155.8133379385447,5.724850086578736
elastic_core_a0.1,1,batch1_004,1227.0,1252.5631794427284,2.083388707638824
elastic_core_a0.1,1,batch1_020,534.0,494.82127878944834,7.3368391780059286
elastic_core_a0.1,1,batch1_021,559.0,548.0842743522612,1.952723729470265
elastic_core_a0.1,1,batch1_032,731.0,699.4964877476855,4.309645998948635
elastic_core_a0.1,1,batch1_033,757.0,786.2614463725116,3.865448662154771
elastic_core_a0.1,1,batch1_044,616.0,610.9163761084441,0.8252636187590796
elastic_core_a0.1,1,batch1_045,599.0,614.2185137284923,2.540653377043794
elastic_core_a0.1,2,batch1_006,636.0,793.9032318976812,24.827552185169996
elastic_core_a0.1,2,batch1_007,870.0,895.4548578556734,2.925845730537169
elastic_core_a0.1,2,batch1_016,862.0,984.2125620536641,14.177791421538759
elastic_core_a0.1,2,batch1_017,857.0,880.5675340744697,2.750003976017465
elastic_core_a0.1,2,batch1_030,709.0,770.7621012601136,8.711156736264256
elastic_core_a0.1,2,batch1_031,876.0,903.4097420953331,3.128965992617929
elastic_core_a0.1,2,batch1_042,702.0,735.2657767702983,4.738714639643635
elastic_core_a0.1,2,batch1_043,651.0,677.8077766014775,4.117938034021119
elastic_core_a0.1,3,batch1_005,1074.0,995.6776601393353,7.29258285481049
elastic_core_a0.1,3,batch1_010,906.0,880.8467570404425,2.776296132401487
elastic_core_a0.1,3,batch1_011,788.0,864.3111698920732,9.684158615745325
elastic_core_a0.1,3,batch1_024,1017.0,822.4860700960406,19.126246794882928
elastic_core_a0.1,3,batch1_025,854.0,859.5977285969034,0.6554717326584755
elastic_core_a0.1,3,batch1_040,966.0,912.3258150659154,5.556333844108133
elastic_core_a0.1,3,batch1_041,1051.0,911.7970733565222,13.24480748272862
elastic_core_a0.1,4,batch1_012,902.0,952.8150461410648,5.633597133155747
elastic_core_a0.1,4,batch1_013,897.0,942.3437385043571,5.055043311522534
elastic_core_a0.1,4,batch1_026,870.0,823.4901605001252,5.345958563204004
elastic_core_a0.1,4,batch1_027,842.0,807.6986131891016,4.073798908657768
elastic_core_a0.1,4,batch1_036,704.0,738.2359843453848,4.863065958151257
elastic_core_a0.1,4,batch1_037,648.0,713.8165925877445,10.15688157218279
elastic_core_a0.1,5,batch1_008,879.0,962.8154906152472,9.535323164419477
elastic_core_a0.1,5,batch1_009,1054.0,949.858962123114,9.880553878262429
elastic_core_a0.1,5,batch1_022,891.0,869.325644862346,2.4325875575369187
elastic_core_a0.1,5,batch1_023,1014.0,922.6718919857142,9.006716766694854
elastic_core_a0.1,5,batch1_038,617.0,559.1579797798536,9.374719646701204
elastic_core_a0.1,5,batch1_039,625.0,646.9751042561086,3.5160166809773727
huber_core,1,batch1_003,1226.0,919.7911276507666,24.976253862090815
huber_core,1,batch1_004,1227.0,928.4186692006408,24.33425678886383
huber_core,1,batch1_020,534.0,777.0866590778664,45.52184626926338
huber_core,1,batch1_021,559.0,781.1499220258742,39.7405942801206
huber_core,1,batch1_032,731.0,810.725779176157,10.90639934010355
huber_core,1,batch1_033,757.0,823.9282112363305,8.841243228048947
huber_core,1,batch1_044,616.0,797.2746063849501,29.427695841712673
huber_core,1,batch1_045,599.0,794.9510339859439,32.713027376618356
huber_core,2,batch1_006,636.0,839.2384691691911,31.95573414609924
huber_core,2,batch1_007,870.0,855.6589587023464,1.6483955514544422
huber_core,2,batch1_016,862.0,865.1093763363391,0.36071651233632207
huber_core,2,batch1_017,857.0,853.3469856723293,0.4262560475695087
huber_core,2,batch1_030,709.0,825.1490590222887,16.382095771831978
huber_core,2,batch1_031,876.0,870.45191471186,0.633343069422373
huber_core,2,batch1_042,702.0,819.6475397709714,16.75890879928368
huber_core,2,batch1_043,651.0,813.9320333244483,25.027962108210183
huber_core,3,batch1_005,1074.0,822.6165911409331,23.406276430080716
huber_core,3,batch1_010,906.0,785.475341997202,13.30294238441479
huber_core,3,batch1_011,788.0,768.5101533889824,2.473330788200201
huber_core,3,batch1_024,1017.0,771.4612029701708,24.143441202539744
huber_core,3,batch1_025,854.0,774.1241873482355,9.353139654773358
huber_core,3,batch1_040,966.0,792.8067759109178,17.928905185205192
huber_core,3,batch1_041,1051.0,792.6501199461894,24.581339681618516
huber_core,4,batch1_012,902.0,832.9946981406322,7.650255195051865
huber_core,4,batch1_013,897.0,844.0249375086408,5.905804068155981
huber_core,4,batch1_026,870.0,816.0812252171241,6.197560319870789
huber_core,4,batch1_027,842.0,806.5292129777857,4.21268254420597
huber_core,4,batch1_036,704.0,812.7711563223646,15.450448341244975
huber_core,4,batch1_037,648.0,800.4745151566301,23.530017771084893
huber_core,5,batch1_008,879.0,836.3730652870619,4.84948062718295
huber_core,5,batch1_009,1054.0,831.0975187817943,21.148242999829765
huber_core,5,batch1_022,891.0,817.2605182961629,8.276036105930089
huber_core,5,batch1_023,1014.0,830.2214689084183,18.12411549226644
huber_core,5,batch1_038,617.0,763.8739519654557,23.8045303023429
huber_core,5,batch1_039,625.0,778.9122359554325,24.6259577528692
log_ridge_core,1,batch1_003,1226.0,1229.132686022693,0.2555208827645148
log_ridge_core,1,batch1_004,1227.0,1395.1579808411525,13.704806914519356
log_ridge_core,1,batch1_020,534.0,531.0076250351547,0.5603698436039961
log_ridge_core,1,batch1_021,559.0,571.7456399245432,2.2800786984871526
log_ridge_core,1,batch1_032,731.0,692.8425965589055,5.219891031613477
log_ridge_core,1,batch1_033,757.0,778.1711996155227,2.796723859382128
log_ridge_core,1,batch1_044,616.0,619.1350827808815,0.5089420098833565
log_ridge_core,1,batch1_045,599.0,622.563784569763,3.9338538513794683
log_ridge_core,2,batch1_006,636.0,762.7606932440857,19.9309266107053
log_ridge_core,2,batch1_007,870.0,865.9763623002691,0.46248709192309173
log_ridge_core,2,batch1_016,862.0,977.099637788413,13.352626193551394
log_ridge_core,2,batch1_017,857.0,848.0124394531085,1.0487235177236258
log_ridge_core,2,batch1_030,709.0,761.7594693124948,7.441392004583193
log_ridge_core,2,batch1_031,876.0,844.2982575163826,3.61892037484217
log_ridge_core,2,batch1_042,702.0,728.8399412275037,3.8233534512113514
log_ridge_core,2,batch1_043,651.0,671.7055975570612,3.180583342098494
log_ridge_core,3,batch1_005,1074.0,966.1241038423487,10.044310629204029
log_ridge_core,3,batch1_010,906.0,868.8521972803048,4.100198975683793
log_ridge_core,3,batch1_011,788.0,815.5887733128,3.5011133645685226
log_ridge_core,3,batch1_024,1017.0,804.8481425528156,20.86055628782541
log_ridge_core,3,batch1_025,854.0,850.4665004828316,0.41375872566374305
log_ridge_core,3,batch1_040,966.0,915.1711274533388,5.261788048308609
log_ridge_core,3,batch1_041,1051.0,903.0706833389333,14.075101490111004
log_ridge_core,4,batch1_012,902.0,956.2869088051126,6.018504302118913
log_ridge_core,4,batch1_013,897.0,925.625344978254,3.191231324220069
log_ridge_core,4,batch1_026,870.0,813.6648889829374,6.475300116903742
log_ridge_core,4,batch1_027,842.0,801.0293156769109,4.865876997991584
log_ridge_core,4,batch1_036,704.0,712.4979327022132,1.2070927133825615
log_ridge_core,4,batch1_037,648.0,698.7216103089199,7.827408998290114
log_ridge_core,5,batch1_008,879.0,959.406586011304,9.14750694099021
log_ridge_core,5,batch1_009,1054.0,946.7681204833425,10.173802610688567
log_ridge_core,5,batch1_022,891.0,855.1211536162374,4.026806552610842
log_ridge_core,5,batch1_023,1014.0,902.113678209259,11.034154022755525
log_ridge_core,5,batch1_038,617.0,583.4838377925316,5.432117051453544
log_ridge_core,5,batch1_039,625.0,654.7798224104889,4.764771585678227
log_ridge_policy,1,batch1_003,1226.0,1299.246856430834,5.974458110182217
log_ridge_policy,1,batch1_004,1227.0,1379.7919929362108,12.452485161875371
log_ridge_policy,1,batch1_020,534.0,530.6321508619163,0.6306833591916986
log_ridge_policy,1,batch1_021,559.0,567.3299994286712,1.4901608995833915
log_ridge_policy,1,batch1_032,731.0,659.2058446062259,9.821361886973197
log_ridge_policy,1,batch1_033,757.0,730.2863920091011,3.528878202232356
log_ridge_policy,1,batch1_044,616.0,588.8214703920119,4.412098962335737
log_ridge_policy,1,batch1_045,599.0,588.9495841114514,1.677865757687584
log_ridge_policy,2,batch1_006,636.0,786.1124249588632,23.602582540701768
log_ridge_policy,2,batch1_007,870.0,884.3540230746152,1.64988770972588
log_ridge_policy,2,batch1_016,862.0,869.8609771156098,0.9119463011148242
log_ridge_policy,2,batch1_017,857.0,785.1336734096462,8.385802402608373
log_ridge_policy,2,batch1_030,709.0,731.885898629453,3.2279123595843413
log_ridge_policy,2,batch1_031,876.0,805.8302260286534,8.01024817024504
log_ridge_policy,2,batch1_042,702.0,743.0366914280595,5.845682539609615
log_ridge_policy,2,batch1_043,651.0,681.1265607316832,4.627735903484361
log_ridge_policy,3,batch1_005,1074.0,974.0761769694542,9.30389413692233
log_ridge_policy,3,batch1_010,906.0,892.755863025997,1.4618252730687669
log_ridge_policy,3,batch1_011,788.0,813.9110530272364,3.288204698887874
log_ridge_policy,3,batch1_024,1017.0,838.0025908464286,17.600531873507514
log_ridge_policy,3,batch1_025,854.0,874.0725987514915,2.3504213994720673
log_ridge_policy,3,batch1_040,966.0,948.1068598772653,1.8522919381712977
log_ridge_policy,3,batch1_041,1051.0,930.63943532236,11.452004250964796
log_ridge_policy,4,batch1_012,902.0,906.5687113958528,0.5065090239304658
log_ridge_policy,4,batch1_013,897.0,901.6595642256523,0.5194608947215469
log_ridge_policy,4,batch1_026,870.0,831.7017788798702,4.402094381624118
log_ridge_policy,4,batch1_027,842.0,800.8168226787951,4.8911136961050925
log_ridge_policy,4,batch1_036,704.0,723.2036273074627,2.727787969810048
log_ridge_policy,4,batch1_037,648.0,704.4835217713496,8.716592865949014
log_ridge_policy,5,batch1_008,879.0,1007.3043092283533,14.596622210279103
log_ridge_policy,5,batch1_009,1054.0,972.5083885311085,7.731651942020067
log_ridge_policy,5,batch1_022,891.0,898.9787098267133,0.8954780950295478
log_ridge_policy,5,batch1_023,1014.0,928.9314050863865,8.389407782407647
log_ridge_policy,5,batch1_038,617.0,585.3604670470918,5.127963201443794
log_ridge_policy,5,batch1_039,625.0,650.2725220532666,4.043603528522653
svr_rbf_c1,1,batch1_003,1226.0,854.6343238687721,30.290838183623812
svr_rbf_c1,1,batch1_004,1227.0,828.3075342621272,32.49327349126917
svr_rbf_c1,1,batch1_020,534.0,749.1451648996725,40.289356722785115
svr_rbf_c1,1,batch1_021,559.0,654.7217416979797,17.12374627870836
svr_rbf_c1,1,batch1_032,731.0,634.8778324056242,13.149407331651958
svr_rbf_c1,1,batch1_033,757.0,810.6067218486124,7.0814692006093045
svr_rbf_c1,1,batch1_044,616.0,693.1256913756143,12.520404444093236
svr_rbf_c1,1,batch1_045,599.0,668.1994469561977,11.552495318229997
svr_rbf_c1,2,batch1_006,636.0,774.6841868939471,21.805689763199226
svr_rbf_c1,2,batch1_007,870.0,836.4449728944733,3.8568996673019234
svr_rbf_c1,2,batch1_016,862.0,1007.2627850887357,16.85183121679068
svr_rbf_c1,2,batch1_017,857.0,869.8633439474925,1.5009736228112565
svr_rbf_c1,2,batch1_030,709.0,771.2246048526171,8.77638996510819
svr_rbf_c1,2,batch1_031,876.0,844.2251117706693,3.6272703458140083
svr_rbf_c1,2,batch1_042,702.0,726.7681708231428,3.528229461986151
svr_rbf_c1,2,batch1_043,651.0,696.5977735378299,7.004266288453131
svr_rbf_c1,3,batch1_005,1074.0,993.440596360349,7.500875571662105
svr_rbf_c1,3,batch1_010,906.0,895.5506631415761,1.1533484391196316
svr_rbf_c1,3,batch1_011,788.0,814.4651662914574,3.358523641047896
svr_rbf_c1,3,batch1_024,1017.0,828.2046046226635,18.5639523478207
svr_rbf_c1,3,batch1_025,854.0,865.683925176202,1.3681411213351315
svr_rbf_c1,3,batch1_040,966.0,925.2391646495016,4.219548172929439
svr_rbf_c1,3,batch1_041,1051.0,920.4825817821556,12.418403255741612
svr_rbf_c1,4,batch1_012,902.0,960.8905672156873,6.528887717925418
svr_rbf_c1,4,batch1_013,897.0,982.3771276854487,9.518074435390048
svr_rbf_c1,4,batch1_026,870.0,810.6588406814324,6.820822910180188
svr_rbf_c1,4,batch1_027,842.0,805.8479332364539,4.293594627499542
svr_rbf_c1,4,batch1_036,704.0,699.9809717018088,0.5708847014476119
svr_rbf_c1,4,batch1_037,648.0,660.4735325948412,1.924927869574264
svr_rbf_c1,5,batch1_008,879.0,883.4219343697348,0.5030642058856427
svr_rbf_c1,5,batch1_009,1054.0,912.3968359269849,13.43483530104508
svr_rbf_c1,5,batch1_022,891.0,862.9003842552157,3.153716694139649
svr_rbf_c1,5,batch1_023,1014.0,902.4617383807439,10.999828562056814
svr_rbf_c1,5,batch1_038,617.0,629.6788646770027,2.0549213414915246
svr_rbf_c1,5,batch1_039,625.0,642.3861923028423,2.7817907684547754
svr_rbf_c10,1,batch1_003,1226.0,888.4885139901132,27.52948499264982
svr_rbf_c10,1,batch1_004,1227.0,838.143705741285,31.691629523937657
svr_rbf_c10,1,batch1_020,534.0,795.747019505946,49.01629578763034
svr_rbf_c10,1,batch1_021,559.0,668.8800690600319,19.65654187120428
svr_rbf_c10,1,batch1_032,731.0,630.4063502667203,13.761101194703102
svr_rbf_c10,1,batch1_033,757.0,832.2568993166951,9.941466224134098
svr_rbf_c10,1,batch1_044,616.0,746.4825207339633,21.182227391877152
svr_rbf_c10,1,batch1_045,599.0,679.5764309759512,13.451824870776495
svr_rbf_c10,2,batch1_006,636.0,737.933587688676,16.027293661741506
svr_rbf_c10,2,batch1_007,870.0,801.1255932565115,7.916598476263049
svr_rbf_c10,2,batch1_016,862.0,1055.4519495079971,22.44222152064932
svr_rbf_c10,2,batch1_017,857.0,897.7710087897332,4.757410593901187
svr_rbf_c10,2,batch1_030,709.0,776.4137703857767,9.508289194044673
svr_rbf_c10,2,batch1_031,876.0,826.7401425995569,5.623271392744651
svr_rbf_c10,2,batch1_042,702.0,732.0000223568233,4.273507458236931
svr_rbf_c10,2,batch1_043,651.0,710.0865485639345,9.076274741003758
svr_rbf_c10,3,batch1_005,1074.0,1135.3751590003,5.7146330540316645
svr_rbf_c10,3,batch1_010,906.0,896.6855692397623,1.0280828653683947
svr_rbf_c10,3,batch1_011,788.0,834.9898885395482,5.963183824815768
svr_rbf_c10,3,batch1_024,1017.0,831.2326888383964,18.266205620609995
svr_rbf_c10,3,batch1_025,854.0,874.0922411451604,2.352721445569135
svr_rbf_c10,3,batch1_040,966.0,958.4659451580854,0.7799228614818379
svr_rbf_c10,3,batch1_041,1051.0,923.5023076521292,12.131083953175152
svr_rbf_c10,4,batch1_012,902.0,999.4532603753066,10.804130862007387
svr_rbf_c10,4,batch1_013,897.0,1006.6379661045253,12.222738696156664
svr_rbf_c10,4,batch1_026,870.0,789.4064897211715,9.263621871129711
svr_rbf_c10,4,batch1_027,842.0,763.2293559765262,9.355183375709474
svr_rbf_c10,4,batch1_036,704.0,554.5723230075918,21.22552230005799
svr_rbf_c10,4,batch1_037,648.0,669.9138885457974,3.381772923734161
svr_rbf_c10,5,batch1_008,879.0,838.0234935286837,4.6617185974193704
svr_rbf_c10,5,batch1_009,1054.0,885.8584028039693,15.952713206454526
svr_rbf_c10,5,batch1_022,891.0,882.6860062996799,0.9331081594074199
svr_rbf_c10,5,batch1_023,1014.0,892.2449361209236,12.007402749415816
svr_rbf_c10,5,batch1_038,617.0,613.1721325991641,0.6203999028907431
svr_rbf_c10,5,batch1_039,625.0,614.6928198238547,1.6491488281832425
knn_3,1,batch1_003,1226.0,995.0,18.841761827079935
knn_3,1,batch1_004,1227.0,944.3333333333334,23.037218147242594
knn_3,1,batch1_020,534.0,638.6666666666666,19.600499375780267
knn_3,1,batch1_021,559.0,648.0,15.921288014311271
knn_3,1,batch1_032,731.0,686.3333333333334,6.1103511171910565
knn_3,1,batch1_033,757.0,732.3333333333334,3.2584764420959877
knn_3,1,batch1_044,616.0,677.0,9.902597402597403
knn_3,1,batch1_045,599.0,648.0,8.180300500834724
knn_3,2,batch1_006,636.0,747.6666666666666,17.55765199161425
knn_3,2,batch1_007,870.0,934.3333333333334,7.394636015325675
knn_3,2,batch1_016,862.0,988.3333333333334,14.655839133797375
knn_3,2,batch1_017,857.0,871.6666666666666,1.7113963438350792
knn_3,2,batch1_030,709.0,732.6666666666666,3.338034790785138
knn_3,2,batch1_031,876.0,1000.6666666666666,14.231354642313542
knn_3,2,batch1_042,702.0,732.6666666666666,4.368471035137697
knn_3,2,batch1_043,651.0,760.6666666666666,16.84587813620071
knn_3,3,batch1_005,1074.0,922.6666666666666,14.090626939788955
knn_3,3,batch1_010,906.0,878.3333333333334,3.053715967623248
knn_3,3,batch1_011,788.0,680.6666666666666,13.620981387478855
knn_3,3,batch1_024,1017.0,878.3333333333334,13.634873811864958
knn_3,3,batch1_025,854.0,817.6666666666666,4.254488680718193
knn_3,3,batch1_040,966.0,949.0,1.7598343685300206
knn_3,3,batch1_041,1051.0,949.0,9.705042816365367
knn_3,4,batch1_012,902.0,974.3333333333334,8.019216555801925
knn_3,4,batch1_013,897.0,976.6666666666666,8.88145670754366
knn_3,4,batch1_026,870.0,808.3333333333334,7.08812260536398
knn_3,4,batch1_027,842.0,755.0,10.332541567695962
knn_3,4,batch1_036,704.0,741.3333333333334,5.303030303030308
knn_3,4,batch1_037,648.0,692.0,6.790123456790123
knn_3,5,batch1_008,879.0,876.3333333333334,0.30337504740234683
knn_3,5,batch1_009,1054.0,936.6666666666666,11.132194813409239
knn_3,5,batch1_022,891.0,939.6666666666666,5.462027684249902
knn_3,5,batch1_023,1014.0,872.0,14.003944773175542
knn_3,5,batch1_038,617.0,619.3333333333334,0.3781739600216161
knn_3,5,batch1_039,625.0,620.0,0.8
knn_5,1,batch1_003,1226.0,945.2,22.90375203915171
knn_5,1,batch1_004,1227.0,980.2,20.11409942950285
knn_5,1,batch1_020,534.0,651.2,21.947565543071168
knn_5,1,batch1_021,559.0,660.2,18.10375670840788
knn_5,1,batch1_032,731.0,664.0,9.165526675786595
knn_5,1,batch1_033,757.0,749.6,0.9775429326287949
knn_5,1,batch1_044,616.0,663.0,7.62987012987013
knn_5,1,batch1_045,599.0,660.2,10.217028380634398
knn_5,2,batch1_006,636.0,797.6,25.408805031446544
knn_5,2,batch1_007,870.0,891.4,2.459770114942526
knn_5,2,batch1_016,862.0,981.4,13.85150812064965
knn_5,2,batch1_017,857.0,830.8,3.0571761960326773
knn_5,2,batch1_030,709.0,824.2,16.248236953455578
knn_5,2,batch1_031,876.0,1018.0,16.210045662100455
knn_5,2,batch1_042,702.0,689.0,1.8518518518518519
knn_5,2,batch1_043,651.0,709.4,8.970814132104453
knn_5,3,batch1_005,1074.0,1044.2,2.774674115456234
knn_5,3,batch1_010,906.0,879.6,2.9139072847682095
knn_5,3,batch1_011,788.0,718.4,8.832487309644673
knn_5,3,batch1_024,1017.0,798.4,21.494591937069817
knn_5,3,batch1_025,854.0,809.2,5.245901639344257
knn_5,3,batch1_040,966.0,911.8,5.610766045548659
knn_5,3,batch1_041,1051.0,921.2,12.350142721217884
knn_5,4,batch1_012,902.0,958.8,6.297117516629707
knn_5,4,batch1_013,897.0,935.6,4.303232998885175
knn_5,4,batch1_026,870.0,837.6,3.72413793103448
knn_5,4,batch1_027,842.0,837.6,0.5225653206650804
knn_5,4,batch1_036,704.0,770.8,9.488636363636358
knn_5,4,batch1_037,648.0,759.0,17.12962962962963
knn_5,5,batch1_008,879.0,893.0,1.5927189988623436
knn_5,5,batch1_009,1054.0,936.4,11.157495256166985
knn_5,5,batch1_022,891.0,946.6,6.240179573512909
knn_5,5,batch1_023,1014.0,860.6,15.128205128205126
knn_5,5,batch1_038,617.0,658.2,6.677471636953006
knn_5,5,batch1_039,625.0,660.0,5.6
tree_d2,1,batch1_003,1226.0,956.4444444444445,21.98658691317745
tree_d2,1,batch1_004,1227.0,956.4444444444445,22.050167526940143
tree_d2,1,batch1_020,534.0,638.0,19.475655430711612
tree_d2,1,batch1_021,559.0,685.0,22.54025044722719
tree_d2,1,batch1_032,731.0,638.0,12.722298221614228
tree_d2,1,batch1_033,757.0,685.0,9.511228533685602
tree_d2,1,batch1_044,616.0,685.0,11.2012987012987
tree_d2,1,batch1_045,599.0,685.0,14.357262103505843
tree_d2,2,batch1_006,636.0,916.6923076923077,44.13401064344461
tree_d2,2,batch1_007,870.0,1135.25,30.488505747126435
tree_d2,2,batch1_016,862.0,916.6923076923077,6.344815277529899
tree_d2,2,batch1_017,857.0,916.6923076923077,6.965263441342793
tree_d2,2,batch1_030,709.0,916.6923076923077,29.29369643050885
tree_d2,2,batch1_031,876.0,1135.25,29.59474885844749
tree_d2,2,batch1_042,702.0,710.0,1.1396011396011396
tree_d2,2,batch1_043,651.0,710.0,9.062980030721967
tree_d2,3,batch1_005,1074.0,1054.2,1.8435754189944091
tree_d2,3,batch1_010,906.0,888.4444444444445,1.9376992886926647
tree_d2,3,batch1_011,788.0,1054.2,33.78172588832488
tree_d2,3,batch1_024,1017.0,888.4444444444445,12.640664263083142
tree_d2,3,batch1_025,854.0,888.4444444444445,4.033307311995838
tree_d2,3,batch1_040,966.0,1054.2,9.130434782608699
tree_d2,3,batch1_041,1051.0,1054.2,0.30447193149381974
tree_d2,4,batch1_012,902.0,923.7692307692307,2.4134402183182613
tree_d2,4,batch1_013,897.0,923.7692307692307,2.9843066632364232
tree_d2,4,batch1_026,870.0,923.7692307692307,6.18037135278514
tree_d2,4,batch1_027,842.0,923.7692307692307,9.711310067604598
tree_d2,4,batch1_036,704.0,697.6666666666666,0.8996212121212175
tree_d2,4,batch1_037,648.0,697.6666666666666,7.664609053497935
tree_d2,5,batch1_008,879.0,898.6153846153846,2.2315568390653744
tree_d2,5,batch1_009,1054.0,898.6153846153846,14.742373376149464
tree_d2,5,batch1_022,891.0,898.6153846153846,0.8547008547008577
tree_d2,5,batch1_023,1014.0,898.6153846153846,11.379153390987707
tree_d2,5,batch1_038,617.0,577.0,6.482982171799027
tree_d2,5,batch1_039,625.0,577.0,7.68
random_forest,1,batch1_003,1226.0,966.8207714285713,21.140230715450954
random_forest,1,batch1_004,1227.0,985.4148841269838,19.68908849820833
random_forest,1,batch1_020,534.0,638.8482206349205,19.634498246239794
random_forest,1,batch1_021,559.0,658.9903920634922,17.887368884345655
random_forest,1,batch1_032,731.0,659.5559825396823,9.773463400864255
random_forest,1,batch1_033,757.0,684.3182777777776,9.601284309408515
random_forest,1,batch1_044,616.0,659.4101825396828,7.047107555143304
random_forest,1,batch1_045,599.0,658.7566587301588,9.976069904867922
random_forest,2,batch1_006,636.0,893.3100672438671,40.4575577427464
random_forest,2,batch1_007,870.0,952.9368777777777,9.532974457215825
random_forest,2,batch1_016,862.0,983.9386640692642,14.146016713371715
random_forest,2,batch1_017,857.0,924.8667497835496,7.919107325968448
random_forest,2,batch1_030,709.0,836.3626285714282,17.963699375377747
random_forest,2,batch1_031,876.0,966.7626349206346,10.361031383634085
random_forest,2,batch1_042,702.0,708.395223809524,0.9110005426672443
random_forest,2,batch1_043,651.0,708.4131952380955,8.8192312193695
random_forest,3,batch1_005,1074.0,1030.0768809523809,4.089675888977573
random_forest,3,batch1_010,906.0,928.6233809523812,2.4970619152738673
random_forest,3,batch1_011,788.0,971.3046571428572,23.262012327773753
random_forest,3,batch1_024,1017.0,874.9302301587304,13.969495559613529
random_forest,3,batch1_025,854.0,929.4583809523813,8.835875989740197
random_forest,3,batch1_040,966.0,957.6556587301592,0.8638034440828997
random_forest,3,batch1_041,1051.0,967.2267952380956,7.970809206651224
random_forest,4,batch1_012,902.0,982.9077968253971,8.969822264456441
random_forest,4,batch1_013,897.0,960.5202171717173,7.0814065966239985
random_forest,4,batch1_026,870.0,889.2251519258521,2.209787577684145
random_forest,4,batch1_027,842.0,910.464371839272,8.131160550982418
random_forest,4,batch1_036,704.0,676.3331603174605,3.9299488185425413
random_forest,4,batch1_037,648.0,676.6662936507939,4.42381074857931
random_forest,5,batch1_008,879.0,882.5315809523812,0.4017725770627082
random_forest,5,batch1_009,1054.0,898.7528200577203,14.72933396036809
random_forest,5,batch1_022,891.0,900.8514190476191,1.1056587034364826
random_forest,5,batch1_023,1014.0,890.763411111111,12.153509752355912
random_forest,5,batch1_038,617.0,611.5711904761903,0.8798718839237794
random_forest,5,batch1_039,625.0,617.2053238095235,1.2471481904762367
extra_trees,1,batch1_003,1226.0,947.6391863284865,22.704797199960318
extra_trees,1,batch1_004,1227.0,944.0150237616416,23.06316024762497
extra_trees,1,batch1_020,534.0,651.0285975949976,21.915467714419016
extra_trees,1,batch1_021,559.0,649.3484801346801,16.162518807635088
extra_trees,1,batch1_032,731.0,680.5937684633449,6.89551731007594
extra_trees,1,batch1_033,757.0,737.632125606202,2.5585038829323707
extra_trees,1,batch1_044,616.0,670.4552737854737,8.840141848291179
extra_trees,1,batch1_045,599.0,667.7114801346803,11.471031742016743
extra_trees,2,batch1_006,636.0,808.9780770963813,27.197810864210897
extra_trees,2,batch1_007,870.0,853.5801780509822,1.8873358562089395
extra_trees,2,batch1_016,862.0,953.5529619892668,10.620993270216566
extra_trees,2,batch1_017,857.0,918.9055576547119,7.2235189795463075
extra_trees,2,batch1_030,709.0,787.8339000512044,11.119026805529536
extra_trees,2,batch1_031,876.0,890.2809734690143,1.6302481129011723
extra_trees,2,batch1_042,702.0,733.1322510668552,4.434793599267129
extra_trees,2,batch1_043,651.0,723.4562947751078,11.129999197405198
extra_trees,3,batch1_005,1074.0,998.2197213675212,7.055891865221492
extra_trees,3,batch1_010,906.0,904.5500655788651,0.16003691182504554
extra_trees,3,batch1_011,788.0,916.6305673881676,16.323676064488275
extra_trees,3,batch1_024,1017.0,853.8806922910424,16.03926329488276
extra_trees,3,batch1_025,854.0,902.3250408924406,5.658669893728407
extra_trees,3,batch1_040,966.0,923.1643004995003,4.434337422411976
extra_trees,3,batch1_041,1051.0,927.503754711955,11.750356354714079
extra_trees,4,batch1_012,902.0,934.9565853692286,3.6537234333956325
extra_trees,4,batch1_013,897.0,948.2890153614584,5.717838947765706
extra_trees,4,batch1_026,870.0,802.8316444823378,7.7205006342140505
extra_trees,4,batch1_027,842.0,827.6361000388724,1.7059263611790465
extra_trees,4,batch1_036,704.0,725.8982574572714,3.1105479342715014
extra_trees,4,batch1_037,648.0,712.6074449031588,9.970284707277594
extra_trees,5,batch1_008,879.0,894.8688578932223,1.8053308183415584
extra_trees,5,batch1_009,1054.0,915.0124471415552,13.186674844254727
extra_trees,5,batch1_022,891.0,893.0353033203438,0.22842910441569186
extra_trees,5,batch1_023,1014.0,916.6322654569003,9.602340684723835
extra_trees,5,batch1_038,617.0,622.6070092085737,0.9087535184074046
extra_trees,5,batch1_039,625.0,646.382861789326,3.421257886292151
gradient_boosting,1,batch1_003,1226.0,997.1636293354948,18.66528308845883
gradient_boosting,1,batch1_004,1227.0,1001.5422743099183,18.37471277017781
gradient_boosting,1,batch1_020,534.0,633.314388126827,18.598200023750373
gradient_boosting,1,batch1_021,559.0,696.4051440900307,24.580526670846282
gradient_boosting,1,batch1_032,731.0,667.7641125949867,8.650600192204278
gradient_boosting,1,batch1_033,757.0,693.3125757017285,8.41313398920363
gradient_boosting,1,batch1_044,616.0,681.3680182193609,10.611691269376772
gradient_boosting,1,batch1_045,599.0,681.3680182193609,13.75092123862453
gradient_boosting,2,batch1_006,636.0,834.4861938770484,31.208521049850383
gradient_boosting,2,batch1_007,870.0,918.338045907263,5.556097230719884
gradient_boosting,2,batch1_016,862.0,1019.6565594501642,18.289624066144338
gradient_boosting,2,batch1_017,857.0,833.6135475393822,2.7288742661164247
gradient_boosting,2,batch1_030,709.0,863.8346680298882,21.838458114229653
gradient_boosting,2,batch1_031,876.0,964.4924353879396,10.101876185837856
gradient_boosting,2,batch1_042,702.0,734.4109129136642,4.616939161490629
gradient_boosting,2,batch1_043,651.0,691.4981180402058,6.2209090691560345
gradient_boosting,3,batch1_005,1074.0,1148.9134139919436,6.97517821154037
gradient_boosting,3,batch1_010,906.0,888.2038497044493,1.964254999508903
gradient_boosting,3,batch1_011,788.0,935.8180599723257,18.7586370523256
gradient_boosting,3,batch1_024,1017.0,857.3741038786077,15.69576166385372
gradient_boosting,3,batch1_025,854.0,886.8435735810356,3.845851707381214
gradient_boosting,3,batch1_040,966.0,949.9180523000068,1.6647978985500185
gradient_boosting,3,batch1_041,1051.0,950.5604960510963,9.556565551751069
gradient_boosting,4,batch1_012,902.0,930.2391802682467,3.1307295197612794
gradient_boosting,4,batch1_013,897.0,953.0797174697926,6.251919450367072
gradient_boosting,4,batch1_026,870.0,856.9297950359029,1.502322409666335
gradient_boosting,4,batch1_027,842.0,845.5129573594608,0.4172158384157668
gradient_boosting,4,batch1_036,704.0,667.4623159737478,5.190011935547193
gradient_boosting,4,batch1_037,648.0,702.545985329899,8.417590328688124
gradient_boosting,5,batch1_008,879.0,928.6635149825308,5.650001704497251
gradient_boosting,5,batch1_009,1054.0,930.3570836787047,11.73082697545496
gradient_boosting,5,batch1_022,891.0,937.6976912549575,5.241042789557517
gradient_boosting,5,batch1_023,1014.0,885.2573508633207,12.696513721566012
gradient_boosting,5,batch1_038,617.0,605.9739487368171,1.7870423441139256
gradient_boosting,5,batch1_039,625.0,644.1109860269531,3.0577577643125005
random_forest_policy,1,batch1_003,1226.0,1016.3776825396828,17.09806830834561
random_forest_policy,1,batch1_004,1227.0,1019.6818595959597,16.896343961209478
random_forest_policy,1,batch1_020,534.0,638.3324206349204,19.537906485940145
random_forest_policy,1,batch1_021,559.0,658.5442587301588,17.80755970128065
random_forest_policy,1,batch1_032,731.0,650.1511920634916,11.06002844548678
random_forest_policy,1,batch1_033,757.0,671.6238587301584,11.27822209641236
random_forest_policy,1,batch1_044,616.0,659.0794492063493,6.993417078952807
random_forest_policy,1,batch1_045,599.0,658.288592063492,9.897928558178974
random_forest_policy,2,batch1_006,636.0,909.4389793650793,42.9935502146351
random_forest_policy,2,batch1_007,870.0,944.4702190476191,8.559795292829786
random_forest_policy,2,batch1_016,862.0,852.5448952380955,1.0968799027731464
random_forest_policy,2,batch1_017,857.0,829.4619873015877,3.213303698764566
random_forest_policy,2,batch1_030,709.0,770.7253984126985,8.705980029999788
random_forest_policy,2,batch1_031,876.0,842.3481095238096,3.8415400086975313
random_forest_policy,2,batch1_042,702.0,718.5746523809529,2.361061592728333
random_forest_policy,2,batch1_043,651.0,718.3221952380957,10.341351035037738
random_forest_policy,3,batch1_005,1074.0,1058.1738650793645,1.4735693594632653
random_forest_policy,3,batch1_010,906.0,969.9827380952382,7.062112372542852
random_forest_policy,3,batch1_011,788.0,1017.8913952380951,29.174034928692276
random_forest_policy,3,batch1_024,1017.0,931.6414142857145,8.393174603174579
random_forest_policy,3,batch1_025,854.0,970.0927380952382,13.593997435039606
random_forest_policy,3,batch1_040,966.0,1005.8795396825395,4.128316737322932
random_forest_policy,3,batch1_041,1051.0,1007.385957142857,4.149766209052614
random_forest_policy,4,batch1_012,902.0,945.5720174603177,4.830600605356734
random_forest_policy,4,batch1_013,897.0,942.3422229437227,5.054874352700416
random_forest_policy,4,batch1_026,870.0,875.3494916083916,0.6148840929185799
random_forest_policy,4,batch1_027,842.0,893.3127146964149,6.094146638529085
random_forest_policy,4,batch1_036,704.0,669.7082460317463,4.870987779581494
random_forest_policy,4,batch1_037,648.0,670.4327793650796,3.4618486674505506
random_forest_policy,5,batch1_008,879.0,901.3986366522371,2.548195296045175
random_forest_policy,5,batch1_009,1054.0,896.5696318903323,14.936467562587069
random_forest_policy,5,batch1_022,891.0,901.8401223665228,1.2166242835603582
random_forest_policy,5,batch1_023,1014.0,899.4420414141418,11.29762905185978
random_forest_policy,5,batch1_038,617.0,650.6082666666667,5.4470448406267
random_forest_policy,5,batch1_039,625.0,661.1487333333332,5.783797333333314
