model,family,fold,n_valid,mape_pct,mae_cycles
median,baseline,1,8,37.13843935667963,267.125
median,baseline,2,8,15.025324311102125,101.125
median,baseline,3,7,15.386685196906338,154.64285714285714
median,baseline,4,6,11.118331475915024,79.16666666666667
median,baseline,5,6,19.467145448959656,148.0
linear_core,linear,1,8,4.7362299159664465,35.653284713145425
linear_core,linear,2,8,7.8051681681755785,57.21153766385994
linear_core,linear,3,7,8.095994212045946,78.90123426567246
linear_core,linear,4,6,5.621819186786134,44.969929647925106
linear_core,linear,5,6,7.335588099438066,63.16074335741405
ridge_core_a0.1,ridge,1,8,4.64525510260735,35.07837365677679
ridge_core_a0.1,ridge,2,8,7.834915516497204,57.42406891935737
ridge_core_a0.1,ridge,3,7,8.1138455342293,79.1224588009094
ridge_core_a0.1,ridge,4,6,5.639831418748306,45.06534682872395
ridge_core_a0.1,ridge,5,6,7.3324311872857555,63.183222481684574
ridge_core_a1,ridge,1,8,3.8698149850757755,30.185322445030124
ridge_core_a1,ridge,2,8,8.084507922347083,59.19279644901742
ridge_core_a1,ridge,3,7,8.266830331772772,81.01303663353282
ridge_core_a1,ridge,4,6,5.788264156946629,45.836577178682
ridge_core_a1,ridge,5,6,7.305656599790954,63.380104092222325
ridge_core_a10,ridge,1,8,7.625857130936968,57.355768757606356
ridge_core_a10,ridge,2,8,9.532132075692527,68.74058650258222
ridge_core_a10,ridge,3,7,10.404768096782941,103.00877022183234
ridge_core_a10,ridge,4,6,6.517737277879737,48.865530637063294
ridge_core_a10,ridge,5,6,7.135978252238746,64.9091146544268
ridge_policy_a1,ridge,1,8,5.632789535392008,37.961582758510616
ridge_policy_a1,ridge,2,8,7.394415124639192,52.13957461800321
ridge_policy_a1,ridge,3,7,6.8696132715582445,66.64622385779683
ridge_policy_a1,ridge,4,6,4.625691758787049,34.40217223082601
ridge_policy_a1,ridge,5,6,7.153789074248655,61.41920574927074
elastic_core_a0.01,elastic,1,8,4.611517947444915,34.864587155440894
elastic_core_a0.01,elastic,2,8,7.84500723142329,57.49501506920906
elastic_core_a0.01,elastic,3,7,8.12115222059657,79.21199486371752
elastic_core_a0.01,elastic,4,6,5.647726463225289,45.1067511222509
elastic_core_a0.01,elastic,5,6,7.3308006932860215,63.19202704332067
elastic_core_a0.1,elastic,1,8,3.5798516698250045,28.363923075918564
elastic_core_a0.1,elastic,2,8,8.17224608947629,59.797947826088844
elastic_core_a0.1,elastic,3,7,8.333699636762207,81.82507468438862
elastic_core_a0.1,elastic,4,6,5.854724241145684,46.17043131488742
elastic_core_a0.1,elastic,5,6,7.290986282432042,63.46268602005466
huber_core,robust,1,8,27.057664623352768,199.2383018794643
huber_core,robust,2,8,11.649176500775965,78.32732731708788
huber_core,robust,3,7,16.455625046690358,164.0508038996241
huber_core,robust,4,6,10.491128039935745,78.76926627246864
huber_core,robust,5,6,16.80472721340356,137.30560277457514
log_ridge_core,target_transform,1,8,3.657523386454181,34.13201902006196
log_ridge_core,target_transform,2,8,6.6073765733298275,48.35978498247478
log_ridge_core,target_transform,3,7,8.322403931623585,83.86514548031813
log_ridge_core,target_transform,4,6,4.930902408817831,39.90626535577525
log_ridge_core,target_transform,5,6,7.429859794029486,66.44993638673706
log_ridge_policy,target_transform,1,8,4.998499042507695,46.68417585187618
log_ridge_policy,target_transform,2,8,7.032724740884276,51.05158456249802
log_ridge_policy,target_transform,3,7,6.75845336728495,68.0575322481747
log_ridge_policy,target_transform,4,6,3.627259805356714,27.399470523608688
log_ridge_policy,target_transform,5,6,6.797454459950468,59.95921340729107
svr_rbf_c1,kernel,1,8,20.562623871371372,172.12238453019415
svr_rbf_c1,kernel,2,8,8.36894379143307,61.841347559827796
svr_rbf_c1,kernel,3,7,6.9403989356652165,69.89021155877336
svr_rbf_c1,kernel,4,6,4.942865377002845,42.70891364604703
svr_rbf_c1,kernel,5,6,5.488026145512246,52.62133879777256
svr_rbf_c10,kernel,1,8,23.278821482114118,185.61304619930866
svr_rbf_c10,kernel,2,8,9.953108379823133,76.34889392960905
svr_rbf_c10,kernel,3,7,6.605119089293134,65.51011111380505
svr_rbf_c10,kernel,4,6,11.042161671465898,89.6328243867233
svr_rbf_c10,kernel,5,6,5.9707485739618535,58.8870348039541
knn_3,neighbors,1,8,13.106561603391654,110.83333333333331
knn_3,neighbors,2,8,10.012907761126183,75.70833333333331
knn_3,neighbors,3,7,8.588509138909941,82.90476190476191
knn_3,neighbors,4,6,7.735748532704327,63.666666666666664
knn_3,neighbors,5,6,5.346619379709774,53.0
knn_5,neighbors,1,8,13.88239272988169,116.075
knn_5,neighbors,2,8,11.007276007822966,82.15
knn_5,neighbors,3,7,8.460353007578533,81.88571428571427
knn_5,neighbors,4,6,6.910886626746739,51.66666666666665
knn_5,neighbors,5,6,7.732678432283395,69.46666666666668
tree_d2,tree,1,8,16.730593484770097,136.26388888888889
tree_d2,tree,2,8,19.627952696090397,149.28365384615387
tree_d2,tree,3,7,9.095982697884777,79.70793650793652
tree_d2,tree,4,6,4.975609761260596,40.012820512820475
tree_d2,tree,5,6,7.228461105450405,64.33333333333333
random_forest,ensemble,1,8,14.343638939316092,119.11194226190491
random_forest,ensemble,2,8,13.763827345043872,101.49825517676761
random_forest,ensemble,3,7,8.784104904587577,79.9281219954648
random_forest,ensemble,4,6,5.790989426144808,48.075111849261965
random_forest,ensemble,5,6,5.086215844603869,50.848375757575845
extra_trees,ensemble,1,8,14.201392344119453,120.20796593626959
extra_trees,ensemble,2,8,9.405465835660717,67.44497975644494
extra_trees,ensemble,3,7,8.774604543896004,83.37672483310347
extra_trees,ensemble,4,6,5.313137003017255,42.04725976165116
extra_trees,ensemble,5,6,4.858797809405895,46.874886602168374
gradient_boosting,ensemble,1,8,15.205633655330313,120.7091220891814
gradient_boosting,ensemble,2,8,12.570162392943152,93.0129232583489
gradient_boosting,ensemble,3,7,8.351578154987271,78.50264937302067
gradient_boosting,ensemble,4,6,4.151631580407629,31.997621569624755
gradient_boosting,ensemble,5,6,6.693864216583695,63.147301497599834
random_forest_policy,ensemble,1,8,13.82118432947585,111.17626596320349
random_forest_policy,ensemble,2,8,10.139182721933249,70.52205654761909
random_forest_policy,ensemble,3,7,9.710710235041162,84.94931065759644
random_forest_policy,ensemble,4,6,4.154557022756143,33.71683000703005
random_forest_policy,ensemble,5,6,6.871626394668732,62.497347619047616
