candidate,set,cell_id,actual,predicted,ape_pct
shape_pca1_a0.1,batch2,batch2_000,300.0,257.91535473702066,14.02821508765978
shape_pca1_a0.1,batch2,batch2_001,148.0,180.91712076645132,22.24129781516981
shape_pca1_a0.1,batch2,batch2_002,438.0,565.317022606345,29.06781338044405
shape_pca1_a0.1,batch2,batch2_003,335.0,308.5357617504191,7.899772611815189
shape_pca1_a0.1,batch2,batch2_004,444.0,491.77597793887423,10.760355391638342
shape_pca1_a0.1,batch2,batch2_005,480.0,592.9654342152435,23.534465461509058
shape_pca1_a0.1,batch2,batch2_006,511.0,420.4457669384345,17.720984943554896
shape_pca1_a0.1,batch2,batch2_010,561.0,578.4885960929829,3.1173968080183427
shape_pca1_a0.1,batch2,batch2_011,477.0,532.8113306193463,11.700488599443677
shape_pca1_a0.1,batch2,batch2_012,458.0,460.37621610850823,0.5188244778402251
shape_pca1_a0.1,batch2,batch2_013,483.0,456.8646346565041,5.411048725361468
shape_pca1_a0.1,batch2,batch2_014,485.0,603.3805868913083,24.40836843119759
shape_pca1_a0.1,batch2,batch2_017,494.0,521.4845816415746,5.56368049424586
shape_pca1_a0.1,batch2,batch2_018,487.0,505.13104482337695,3.72300715059075
shape_pca1_a0.1,batch2,batch2_019,461.0,343.4097077465998,25.507655586420867
shape_pca1_a0.1,batch2,batch2_020,502.0,753.371294886072,50.073963124715526
shape_pca1_a0.1,batch2,batch2_021,489.0,591.4669219158078,20.954380759878894
shape_pca1_a0.1,batch2,batch2_022,513.0,643.9267270804038,25.52177915797345
shape_pca1_a0.1,batch2,batch2_023,527.0,568.6942455025738,7.911621537490291
shape_pca1_a0.1,batch2,batch2_024,495.0,634.9859954049002,28.279999071697016
shape_pca1_a0.1,batch2,batch2_025,461.0,509.1531869163252,10.445376771437134
shape_pca1_a0.1,batch2,batch2_026,471.0,537.749780065158,14.171927826997454
shape_pca1_a0.1,batch2,batch2_027,468.0,555.4232801451615,18.680188065205446
shape_pca1_a0.1,batch2,batch2_028,509.0,580.5674948332601,14.060411558597263
shape_pca1_a0.1,batch2,batch2_029,498.0,691.5792445150018,38.87133423996021
shape_pca1_a0.1,batch2,batch2_030,481.0,582.6320162209222,21.129317301647028
shape_pca1_a0.1,batch2,batch2_031,492.0,636.5984236287586,29.389923501780206
shape_pca1_a0.1,batch2,batch2_032,519.0,573.4558998135712,10.492466245389451
shape_pca1_a0.1,batch2,batch2_033,520.0,704.2657826215642,35.43572742722389
shape_pca1_a0.1,batch2,batch2_034,499.0,646.4092686412239,29.540935599443667
shape_pca1_a0.1,batch2,batch2_035,463.0,543.6907514519944,17.42780808898367
shape_pca1_a0.1,batch2,batch2_036,535.0,588.4236381740111,9.985726761497402
shape_pca1_a0.1,batch2,batch2_037,478.0,581.6203714896881,21.677901985290394
shape_pca1_a0.1,batch2,batch2_038,465.0,559.086171412366,20.23358524997117
shape_pca1_a0.1,batch2,batch2_039,459.0,605.5198681308634,31.921539897791593
shape_pca1_a0.1,batch2,batch2_040,499.0,622.1538942992061,24.680139138117447
shape_pca1_a0.1,batch2,batch2_041,429.0,517.6647468173873,20.66777315090612
shape_pca1_a0.1,batch2,batch2_042,466.0,647.1002720521649,38.8627193244989
shape_pca1_a0.1,batch2,batch2_043,462.0,516.52075737638,11.801029735147175
shape_pca1_a0.1,batch2,batch2_044,457.0,531.655262267039,16.33594360329081
shape_pca1_a0.1,batch2,batch2_045,487.0,649.2460275609656,33.31540607001346
shape_pca1_a0.1,batch2,batch2_046,429.0,508.66938425918465,18.570952041767985
shape_pca1_a0.1,batch2,batch2_047,713.0,652.7500044533876,8.45020975408308
shape_pca1_a0.1,batch3,batch3_000,1009.0,1046.9037568254491,3.7565665832952564
shape_pca1_a0.1,batch3,batch3_001,1063.0,1064.1753404187623,0.11056824259287762
shape_pca1_a0.1,batch3,batch3_003,1115.0,902.2684829104302,19.07905982866097
shape_pca1_a0.1,batch3,batch3_004,1048.0,1048.3110633403621,0.029681616446767655
shape_pca1_a0.1,batch3,batch3_005,828.0,787.6605186146616,4.871918041707541
shape_pca1_a0.1,batch3,batch3_006,667.0,509.94254201645145,23.54684527489483
shape_pca1_a0.1,batch3,batch3_007,1836.0,1275.0252833804245,30.55417846511849
shape_pca1_a0.1,batch3,batch3_008,828.0,903.2372716182041,9.08662700702948
shape_pca1_a0.1,batch3,batch3_009,1039.0,850.7091552075653,18.122314224488417
shape_pca1_a0.1,batch3,batch3_010,1078.0,1123.7250739035405,4.241658061552926
shape_pca1_a0.1,batch3,batch3_011,817.0,769.6822734252644,5.791643399600442
shape_pca1_a0.1,batch3,batch3_012,932.0,846.3617032500154,9.18865844956917
shape_pca1_a0.1,batch3,batch3_013,816.0,914.9304535462205,12.123830091448594
shape_pca1_a0.1,batch3,batch3_014,858.0,911.7632379248821,6.266111646256656
shape_pca1_a0.1,batch3,batch3_015,876.0,858.2413556588212,2.0272425047007707
shape_pca1_a0.1,batch3,batch3_016,1638.0,1404.6343212750317,14.24698893314825
shape_pca1_a0.1,batch3,batch3_017,1315.0,1176.6355042404077,10.52201488666101
shape_pca1_a0.1,batch3,batch3_018,1146.0,1048.509941727238,8.506985887675576
shape_pca1_a0.1,batch3,batch3_019,1155.0,1002.0560045271353,13.241904369944994
shape_pca1_a0.1,batch3,batch3_020,813.0,881.6550521359846,8.444655859284705
shape_pca1_a0.1,batch3,batch3_021,772.0,635.6729075847645,17.658949794719625
shape_pca1_a0.1,batch3,batch3_022,1002.0,767.5157363872235,23.40162311504756
shape_pca1_a0.1,batch3,batch3_024,825.0,783.7862453389807,4.995606625578093
shape_pca1_a0.1,batch3,batch3_025,989.0,900.8432793159907,8.91372302163896
shape_pca1_a0.1,batch3,batch3_026,1028.0,1069.773332658689,4.063553760572861
shape_pca1_a0.1,batch3,batch3_027,850.0,902.2760084029433,6.150118635640384
shape_pca1_a0.1,batch3,batch3_028,541.0,442.21968903878144,18.25883751593689
shape_pca1_a0.1,batch3,batch3_029,858.0,921.5424792131599,7.405883358177149
shape_pca1_a0.1,batch3,batch3_030,935.0,937.4709761262254,0.26427552152143563
shape_pca1_a0.1,batch3,batch3_031,731.0,738.3271207831757,1.0023421044016008
shape_pca1_a0.1,batch3,batch3_033,1284.0,1087.3887916067229,15.3123994075761
shape_pca1_a0.1,batch3,batch3_034,1158.0,1019.0900589196388,11.995677122656412
shape_pca1_a0.1,batch3,batch3_035,1093.0,974.6903609655055,10.824303662808276
shape_pca1_a0.1,batch3,batch3_036,923.0,945.1755262345391,2.4025488878157226
shape_pca1_a0.1,batch3,batch3_038,1935.0,1125.8730637982922,41.815345540139944
shape_pca1_a0.1,batch3,batch3_039,1156.0,1000.5894549340533,13.443818777331032
shape_pca1_a0.1,batch3,batch3_040,796.0,1008.7760175909333,26.7306554762479
shape_pca1_a0.1,batch3,batch3_041,786.0,776.5240380464087,1.2055931238665787
shape_pca1_a0.1,batch3,batch3_044,940.0,974.9220873702491,3.7151156776860716
shape_pca1_a0.1,batch3,batch3_045,1801.0,1315.6130971286818,26.950966289356924
shape_pca2_a0.1,batch2,batch2_000,300.0,314.5441162257847,4.848038741928235
shape_pca2_a0.1,batch2,batch2_001,148.0,244.11833775698142,64.94482280877124
shape_pca2_a0.1,batch2,batch2_002,438.0,615.4015462519927,40.502636130591945
shape_pca2_a0.1,batch2,batch2_003,335.0,354.9086515754699,5.9428810673044445
shape_pca2_a0.1,batch2,batch2_004,444.0,523.1677494289922,17.830574195718974
shape_pca2_a0.1,batch2,batch2_005,480.0,613.4684448780428,27.80592601625891
shape_pca2_a0.1,batch2,batch2_006,511.0,465.39828283064475,8.924015101635078
shape_pca2_a0.1,batch2,batch2_010,561.0,622.6214158053849,10.984209590977702
shape_pca2_a0.1,batch2,batch2_011,477.0,572.8968801755684,20.104167751691488
shape_pca2_a0.1,batch2,batch2_012,458.0,502.4470118158296,9.704587732713893
shape_pca2_a0.1,batch2,batch2_013,483.0,483.43386903949175,0.08982795848690549
shape_pca2_a0.1,batch2,batch2_014,485.0,619.8888723315749,27.812138625066996
shape_pca2_a0.1,batch2,batch2_017,494.0,545.2300171209001,10.37044880989881
shape_pca2_a0.1,batch2,batch2_018,487.0,537.9160840133686,10.45504805202641
shape_pca2_a0.1,batch2,batch2_019,461.0,400.37810139403996,13.150086465501094
shape_pca2_a0.1,batch2,batch2_020,502.0,764.0665214035888,52.20448633537626
shape_pca2_a0.1,batch2,batch2_021,489.0,661.6756684709306,35.31199764231711
shape_pca2_a0.1,batch2,batch2_022,513.0,652.3388117845817,27.16156175138045
shape_pca2_a0.1,batch2,batch2_023,527.0,635.518874262813,20.591816748161865
shape_pca2_a0.1,batch2,batch2_024,495.0,645.518625190005,30.407803068687873
shape_pca2_a0.1,batch2,batch2_025,461.0,526.2616142781197,14.156532381370877
shape_pca2_a0.1,batch2,batch2_026,471.0,562.6748662140831,19.4638781770877
shape_pca2_a0.1,batch2,batch2_027,468.0,577.2062690333713,23.334672870378487
shape_pca2_a0.1,batch2,batch2_028,509.0,626.5043362474357,23.08533128633315
shape_pca2_a0.1,batch2,batch2_029,498.0,699.1843558065586,40.398465021397314
shape_pca2_a0.1,batch2,batch2_030,481.0,587.8118995461913,22.20621612186929
shape_pca2_a0.1,batch2,batch2_031,492.0,683.2679105123838,38.87559156755767
shape_pca2_a0.1,batch2,batch2_032,519.0,623.481012315273,20.13121624571734
shape_pca2_a0.1,batch2,batch2_033,520.0,714.5040064529741,37.40461662557193
shape_pca2_a0.1,batch2,batch2_034,499.0,648.6748048745574,29.994950876664806
shape_pca2_a0.1,batch2,batch2_035,463.0,532.975882599892,15.113581555052262
shape_pca2_a0.1,batch2,batch2_036,535.0,618.4532177806103,15.598732295441181
shape_pca2_a0.1,batch2,batch2_037,478.0,597.2952225121633,24.957159521373068
shape_pca2_a0.1,batch2,batch2_038,465.0,580.922478657879,24.92956530276967
shape_pca2_a0.1,batch2,batch2_039,459.0,633.7516900406233,38.072263625408134
shape_pca2_a0.1,batch2,batch2_040,499.0,639.0632436653012,28.06878630567159
shape_pca2_a0.1,batch2,batch2_041,429.0,561.4870679906293,30.882766431382116
shape_pca2_a0.1,batch2,batch2_042,466.0,655.7631335694138,40.72170248270682
shape_pca2_a0.1,batch2,batch2_043,462.0,536.9870816039694,16.230970044149217
shape_pca2_a0.1,batch2,batch2_044,457.0,541.1696615688578,18.41786905226648
shape_pca2_a0.1,batch2,batch2_045,487.0,692.5165158503826,42.20051660172127
shape_pca2_a0.1,batch2,batch2_046,429.0,541.6648740003147,26.262208391681757
shape_pca2_a0.1,batch2,batch2_047,713.0,622.5766500052589,12.682096773455976
shape_pca2_a0.1,batch3,batch3_000,1009.0,947.2364355154232,6.1212650628916565
shape_pca2_a0.1,batch3,batch3_001,1063.0,981.6464797596391,7.6532003989050725
shape_pca2_a0.1,batch3,batch3_003,1115.0,855.0768206574468,23.311495905161724
shape_pca2_a0.1,batch3,batch3_004,1048.0,984.2900908935513,6.079189800233651
shape_pca2_a0.1,batch3,batch3_005,828.0,750.6159681004441,9.345897572410133
shape_pca2_a0.1,batch3,batch3_006,667.0,537.282828468822,19.44785180377481
shape_pca2_a0.1,batch3,batch3_007,1836.0,1170.6293067605543,36.240233836571115
shape_pca2_a0.1,batch3,batch3_008,828.0,853.9281888469807,3.1314237737899364
shape_pca2_a0.1,batch3,batch3_009,1039.0,872.4432597398363,16.030485106849248
shape_pca2_a0.1,batch3,batch3_010,1078.0,1066.6845264019637,1.049672875513572
shape_pca2_a0.1,batch3,batch3_011,817.0,781.7724620001542,4.311816156651876
shape_pca2_a0.1,batch3,batch3_012,932.0,834.2275988538332,10.490600981348367
shape_pca2_a0.1,batch3,batch3_013,816.0,838.1356279370016,2.712699502083526
shape_pca2_a0.1,batch3,batch3_014,858.0,878.0118878861647,2.3323878655203596
shape_pca2_a0.1,batch3,batch3_015,876.0,812.4626167036463,7.253125947072341
shape_pca2_a0.1,batch3,batch3_016,1638.0,1174.5357144545771,28.29452292707099
shape_pca2_a0.1,batch3,batch3_017,1315.0,995.6533539253904,24.284916051301106
shape_pca2_a0.1,batch3,batch3_018,1146.0,1011.305321428872,11.753462353501567
shape_pca2_a0.1,batch3,batch3_019,1155.0,961.7934877250553,16.72783656060127
shape_pca2_a0.1,batch3,batch3_020,813.0,856.5786797960136,5.360231217221846
shape_pca2_a0.1,batch3,batch3_021,772.0,682.9325498203508,11.537234479229172
shape_pca2_a0.1,batch3,batch3_022,1002.0,770.2045599419425,23.13327745090394
shape_pca2_a0.1,batch3,batch3_024,825.0,747.2614616036105,9.422853138956299
shape_pca2_a0.1,batch3,batch3_025,989.0,845.1929052386988,14.54065669982823
shape_pca2_a0.1,batch3,batch3_026,1028.0,1035.5538548168597,0.7348107798501665
shape_pca2_a0.1,batch3,batch3_027,850.0,811.6287451494609,4.514265276534013
shape_pca2_a0.1,batch3,batch3_028,541.0,486.00290211468206,10.165822159947863
shape_pca2_a0.1,batch3,batch3_029,858.0,810.7335070228784,5.508915265398792
shape_pca2_a0.1,batch3,batch3_030,935.0,882.946102567495,5.567261757487164
shape_pca2_a0.1,batch3,batch3_031,731.0,724.6042207984494,0.8749355952873553
shape_pca2_a0.1,batch3,batch3_033,1284.0,985.3300568062847,23.260899002625802
shape_pca2_a0.1,batch3,batch3_034,1158.0,967.0003968991241,16.493920820455603
shape_pca2_a0.1,batch3,batch3_035,1093.0,911.0870723337395,16.643451753546252
shape_pca2_a0.1,batch3,batch3_036,923.0,910.810802704136,1.320606424253955
shape_pca2_a0.1,batch3,batch3_038,1935.0,984.740500217124,49.10901807663441
shape_pca2_a0.1,batch3,batch3_039,1156.0,826.783977278365,28.478894699103375
shape_pca2_a0.1,batch3,batch3_040,796.0,955.157172491186,19.99461965969673
shape_pca2_a0.1,batch3,batch3_041,786.0,767.9575981213611,2.2954709769260666
shape_pca2_a0.1,batch3,batch3_044,940.0,905.184894753124,3.703734600731488
shape_pca2_a0.1,batch3,batch3_045,1801.0,1230.7273192346695,31.664224362317075
