curve,components,alpha,cv_mape_pct,holdout_mape_pct,fold_mape_pct
shape,2,0.1,7.067976437046181,7.454528368673259,"[5.7683, 7.7794, 9.2899, 7.1041, 5.3983]"
shape,1,0.1,7.081372243185534,7.067344874439112,"[6.0515, 8.1174, 9.7522, 6.5776, 4.9082]"
baseline,0,0.1,7.098336636786277,7.154598845743671,"[5.0553, 7.5233, 10.4085, 6.9738, 5.5308]"
shape,2,1.0,7.247636984186886,6.3086028693178084,"[4.8398, 7.4788, 10.4686, 8.1741, 5.2769]"
shape,4,0.1,7.340845952484851,6.758058085258596,"[6.9701, 8.2941, 9.698, 8.0731, 3.6689]"
raw,1,0.1,7.444084731640778,8.220381741747676,"[6.0507, 8.3673, 9.0638, 5.7973, 7.9414]"
shape,1,1.0,7.473928784466293,6.781820783187619,"[6.1275, 7.5666, 10.9272, 7.3576, 5.3907]"
shape,4,1.0,7.711988568852069,8.247559120101208,"[6.4541, 6.9927, 11.2337, 7.723, 6.1565]"
raw,1,1.0,7.872603551932717,7.216597798741767,"[5.4731, 7.2668, 12.5867, 8.4748, 5.5616]"
raw,2,0.1,7.9450951711115065,8.434506746099613,"[6.5128, 8.3377, 9.3091, 6.6576, 8.9082]"
raw,2,1.0,8.367652266244383,7.35290319902249,"[6.8167, 7.4903, 12.6967, 9.2702, 5.5643]"
raw,4,0.1,8.801490462115467,8.459079498135532,"[5.4554, 9.1394, 10.1418, 6.656, 12.6148]"
shape,4,10.0,9.37688579989577,16.723319814147423,"[8.8067, 6.1138, 16.6184, 7.8452, 7.5004]"
raw,1,10.0,9.601785456336273,11.963924608324957,"[8.3875, 6.7403, 17.9749, 8.5781, 6.328]"
raw,4,1.0,10.210639133510565,6.5211600237187595,"[6.1227, 9.4262, 12.3278, 8.1429, 15.0337]"
raw,2,10.0,10.316891030698017,12.081070820667508,"[11.5448, 7.3253, 18.0082, 9.1624, 5.5437]"
raw,4,10.0,10.54065398200558,10.597599081664466,"[8.9563, 7.4954, 15.857, 7.8331, 12.5615]"
shape,1,10.0,11.063927500235533,11.166311449825074,"[10.843, 6.7349, 18.3336, 9.4505, 9.9577]"
shape,2,10.0,11.476938987666326,11.205020973508402,"[12.5791, 6.9577, 18.3628, 9.6913, 9.7938]"
