batch,cell_id,cycle_life,policy,first_c_rate,n_cycles,n_early,early_mean_QD,early_mean_QC,early_mean_IR,early_mean_Tavg,early_mean_Tmax,early_mean_Tmin,early_mean_chargetime,delta_q_var,delta_q_logvar,delta_q_mean_abs,delta_q_min,knee_cycle,slope_before,slope_after
batch2,batch2_000,477.0,5.2C(58%)-4C,5.2,496,100,1.105038492,1.0961462670000002,0.01733813236,31.807497385473816,35.36194140015722,29.825043061829287,10.173261300000107,0.0003256380937000854,-3.4872647963011447,0.025801000173386008,-0.055061277717081025,381.0,-0.00010817660615174753,-0.001953355382173912
batch2,batch2_001,491.0,5.6C(26%)-4.5C,5.6,513,100,1.10494644,1.1459148739999998,0.01755915909,33.59830289682961,36.44809667816464,30.607358352831707,10.19907416666656,0.0005034410615908589,-3.2980513654760366,0.035599270684251665,-0.0661147205894651,381.0,-0.00018770405659604037,-0.0014652091257631253
batch2,batch2_002,424.0,5.2C(50%)-4.25C,5.2,439,100,1.0746560542,1.0671372339999998,0.016463414620000002,33.17756576063981,37.427644510910824,30.782682632197734,10.175027650000057,0.00034653861464528006,-3.4602483651128177,0.025013386420214043,-0.052717818544041395,346.0,-0.00012492774278406865,-0.001981525489473686
batch2,batch2_003,499.0,4.65C(44%)-5C,4.65,517,100,1.1014322669999999,1.0940659629999998,0.015916925550000002,33.93958543884461,38.77312907194259,30.82710532135222,10.173197350000047,0.000318975262145792,-3.496242996974693,0.020089882918698704,-0.05586845261151374,391.0,-0.00014892154174939103,-0.0015656974362393146
batch2,batch2_004,444.0,4.65C(69%)-6C,4.65,464,100,1.0859578399999998,1.0845371780000002,0.01619582082,33.05027186948681,37.43383570894893,30.412054450847922,10.231934299999951,0.0005854545529657333,-3.232506812226559,0.03479286913315801,-0.07029720690084085,341.0,-0.00017577914665801428,-0.001476005490769228
batch2,batch2_005,416.0,3.6C(30%)-6C,3.6,445,100,1.088025367,1.084104158,0.015306582499999999,33.01550370431462,37.64690458017922,30.5029328023874,10.198507216666679,0.0008205749892219913,-3.085881724279185,0.04648594220297168,-0.08615002847927744,296.0,-0.00028594447223845873,-0.001163523324582869
batch2,batch2_006,393.0,3.6C(9%)-5C,3.6,409,100,1.092913134,1.084819962,0.01604186506,33.81745006948466,39.79549926626684,30.491173015965913,10.179292016666743,0.00029509395529212125,-3.53003968650195,0.020829630464071762,-0.04987247893740465,286.0,-0.00013637620948924264,-0.0015798485200000014
batch2,batch2_007,777.0,4.8C(80%)-4.8C-newstructure,4.8,806,100,1.0929825290000001,1.0846576090000002,0.014790600069999998,33.766912217149354,37.14445502401018,30.73845954741821,10.035779716666658,5.865835912266468e-05,-4.231670089905405,0.008867753886646014,-0.021737979924043582,626.0,-0.00010017893505376479,-0.0010366685972024643
batch2,batch2_008,904.0,5.2C(58%)-4C-newstructure,5.2,947,100,1.0901623492999999,1.083968714,0.01646674221,33.59821236744562,35.677756334230715,31.612253667795002,10.039867333333332,7.899098323286501e-05,-4.10242248030074,0.011222306571166357,-0.027841110945332148,716.0,-3.9229504333694496e-05,-0.0009918637668825162
batch2,batch2_009,791.0,5.6C(26%)-4.5C-newstructure,5.6,819,100,1.097482268,1.0895368029999999,0.01539659944,32.35755295299843,33.59605648813232,31.370145773910668,10.039938566666658,4.5245388051825846e-05,-4.344425682662564,0.008102861355073059,-0.019754152325308416,636.0,-5.8233540260593725e-05,-0.0011573073726884773
batch2,batch2_010,492.0,4.8C(80%)-4.8C,4.8,519,100,1.1111485095999998,1.1000842020000001,0.01706057563,31.720671317513244,34.35420149165315,29.963325235331464,10.169517366666604,0.00035407876899738185,-3.4509001132975605,0.02952029629956943,-0.05580244986198335,361.0,-9.238274969451325e-05,-0.0015168294831378287
batch2,batch2_011,449.0,5.2C(50%)-4.25C,5.2,468,100,1.101019946,1.0923784490000004,0.01721904361,33.14963101101539,37.949925321805395,30.646422719960242,10.17388110000002,0.000327044446642087,-3.485393220979881,0.024012633467613776,-0.05489875594719695,351.0,-4.42730774210498e-05,-0.0020720199321739153
batch2,batch2_012,466.0,4.65C(44%)-5C,4.65,493,100,1.1041123279999998,1.0922177880000001,0.016529412549999997,31.316793895936517,33.597951965213426,30.024718101018316,10.17485430000005,0.0006792531042316953,-3.1679683681509765,0.039398117949145404,-0.07733124344865683,331.0,-0.00015313951925685997,-0.0013231236266711228
batch2,batch2_013,460.0,4.65C(69%)-6C,4.65,483,100,1.094944933,1.0919116059999998,0.01607549433,31.948019425910115,35.06856349287113,30.131328697947843,10.2140922166666,0.00045243092034126796,-3.3444477218838284,0.03407116449841186,-0.06467448840609535,351.0,-0.00012690151097891506,-0.0015970981684981674
batch2,batch2_014,426.0,3.6C(30%)-6C,3.6,461,100,1.079302612,1.0755341188,0.0162701026,32.124753255414234,35.20006219179895,30.38301359940932,49.482795350000096,0.0007611671443129553,-3.118519966248836,0.04455576451036339,-0.0837144352028476,336.0,-0.00020963495171202694,-0.0015315676694017083
batch2,batch2_015,396.0,3.6C(9%)-5C,3.6,414,100,1.0749797360000002,1.065337183,0.016313907529999998,32.862312590345454,36.06955824939098,31.236260417571927,10.17305868333338,0.0003046127470747836,-3.516251926776714,0.024135288352654265,-0.05093467639415561,301.0,-0.0001551034128924708,-0.0015772816798418946
batch2,batch2_016,472.0,4.8C(80%)-4.8C,4.8,499,100,1.097015996,1.091886216,0.01749419094,32.76618715423966,36.98699901212051,30.508786836578714,10.171623783333347,0.0003199771811309943,-3.494880991874622,0.026244652410942607,-0.0532543676756424,361.0,-0.000168405125892343,-0.0014505440862068943
batch2,batch2_017,471.0,5.6C(26%)-4.5C,5.6,494,100,1.093877117,1.120628271,0.01709369671,32.98821355652246,34.74856366071168,30.882295758144373,10.181189350000091,0.0003159772910980138,-3.5003441284740386,0.024346340387445996,-0.05256239657553352,346.0,-0.00017892996273291924,-0.0012382835724137917
batch2,batch2_018,449.0,5.2C(50%)-4.25C,5.2,467,100,1.0824376820000001,1.0775954010000002,0.01664831154,32.88628935898336,36.39882808811051,30.679540085829203,10.174147266666704,0.00019619921427892916,-3.707302736176298,0.016641648264370923,-0.03974566910430133,366.0,-0.00012600099623595978,-0.0018787994181818177
batch2,batch2_019,392.0,6C(60%)-3C,6.0,411,100,1.09472128,1.087750816,0.016718972760000003,32.76991201802439,36.54390200243137,30.491892507845165,10.173766266666714,0.0005105543672328962,-3.291958004542694,0.03431051699871947,-0.06565175087353758,306.0,-0.00011855654415653043,-0.0020347770643704133
batch2,batch2_020,489.0,5.2C(58%)-4C,5.2,506,100,1.10005656,1.0899177372,0.016612060669999998,33.62225921545461,36.887813024693614,31.431779664897217,49.397125683333336,0.0003619883290668569,-3.4413054314104006,0.024435139451588442,-0.06050408803806073,396.0,-2.7749415774099094e-05,-0.002183610677865614
batch2,batch2_021,408.0,6C(60%)-3C,6.0,426,100,1.1010897552,1.09501857,0.01720174435,33.59820005445401,38.6518784788995,30.63038708969325,10.174718300000022,0.0004713254868518693,-3.326679075199306,0.03328855261100499,-0.06446758204398206,306.0,-0.0001077613886832376,-0.0018514380461538465
batch2,batch2_022,,VarCharge-2C-100cycles,2.0,920,100,1.1020667873,1.105452593,0.021770682,34.502712698156095,38.13150976710858,31.25702994854722,33.57274644999992,2.2847111406387513e-05,-4.641168700608011,0.004552858359521979,-0.006779169322993939,242.0,-2.8185397788610935e-05,-2.9336849196126326e-05
batch2,batch2_023,,VarCharge-4C-100cycles,4.0,1152,100,1.0961362059,1.111939897,0.02116088899999999,34.14729364226761,35.52716849132356,31.649074490058027,21.691731100000002,4.4029699642585154e-05,-4.356254277157163,0.011694520372353686,-0.01921756649136097,917.0,-6.463892709513494e-05,-0.000225027732140704
batch2,batch2_024,514.0,4.8C(80%)-4.8C,4.8,536,100,1.096261652,1.087133595,0.01651723855,33.205124014909316,38.16546466536514,30.265560283329513,10.169994666666671,0.00022862026926774183,-3.6408852680750527,0.022773487296834143,-0.04572997432532899,396.0,-8.862226777020474e-05,-0.001552405632019704
batch2,batch2_025,493.0,5.2C(58%)-4C,5.2,511,100,1.102206125,1.0925132629999998,0.01674229199,32.23892710270436,34.441815154393964,30.6277075122937,10.172937516666643,0.0002920936192579677,-3.5344779300217333,0.023610982444417374,-0.05050846489030969,401.0,-4.90258866619769e-05,-0.0021358961897233204
batch2,batch2_026,450.0,5.6C(26%)-4.5C,5.6,476,100,1.1041737820000002,1.1567469049999999,0.017708443810000002,33.76445582326918,36.92304607129649,30.617511580478908,49.42568144999996,0.0005997170447101127,-3.2220536077932804,0.03803854165400029,-0.0733087791289827,351.0,-0.00019648243600734548,-0.0016635849993162388
batch2,batch2_027,474.0,5.2C(50%)-4.25C,5.2,493,100,1.0984702849999999,1.088072343,0.01758962648,33.303981946117254,38.082671612305006,30.522877577515086,10.174639799999882,0.0003264347368865592,-3.48620363289781,0.02468392780224258,-0.05449125756065937,376.0,-4.642870953058724e-05,-0.0020259579230434825
batch2,batch2_028,437.0,4.8C(80%)-4.8C,4.8,456,100,1.094977019,1.0818102211,0.016281175090000002,32.14418070388791,35.3302582161644,30.272878608768973,49.409072166666576,0.00037721489290159214,-3.4234111691232063,0.027989332592662373,-0.05649138678277321,331.0,-0.000142883407994989,-0.001627954731282053
batch2,batch2_029,452.0,5.2C(58%)-4C,5.2,470,100,1.109943851,1.0980376440000001,0.01673359061,31.797456695109688,34.43331396225578,30.214310577836617,10.173061883333311,0.0003102785983552323,-3.5082481790944344,0.02532223237657199,-0.05263352953614442,351.0,-5.0827971830985084e-05,-0.0020401394195652196
batch2,batch2_030,412.0,5.6C(26%)-4.5C,5.6,429,100,1.0929991510000001,1.1458711028000002,0.016894066949999998,33.81003990939852,37.33979500154215,30.364018950735986,49.43361824999998,0.0006525149114268708,-3.1854095592748743,0.03965664830797304,-0.07552303651130998,331.0,-0.00018856926020247939,-0.0018475605691729285
batch2,batch2_031,425.0,5.6C(26%)-4.5C,5.6,446,100,1.099834485,1.1581067390000002,0.01633070732,33.375923495204454,35.648417823524284,31.050826015479252,10.194311699999947,0.00044426404704274566,-3.35235883148731,0.03073857262302911,-0.06422883358208353,331.0,-0.00019988533138503117,-0.0016990707600000013
batch2,batch2_032,809.0,4.8C(80%)-4.8C-newstructure,4.8,834,100,1.0900312140000001,1.079458911,0.01481114372,32.16783240841186,33.94412444996172,30.536394337534645,49.27513175000007,7.388118368069333e-05,-4.131466155166347,0.013389939833647101,-0.02746120651303563,641.0,-9.456340951748765e-05,-0.0009130011255060734
batch2,batch2_033,1140.0,5.2C(58%)-4C-newstructure,5.2,1190,100,1.0706076800000002,1.0701545980000002,0.01499290727,32.73895611525105,34.29814806747137,31.026488085928023,10.039557949999924,5.866400117176798e-05,-4.23162831933775,0.011642651665769381,-0.024084742136216253,926.0,-5.836651485917872e-05,-0.0006696400435413643
batch2,batch2_034,1186.0,5.6C(26%)-4.5C-newstructure,5.6,1252,100,1.0671250090000002,1.0635697586000001,0.014954353830000003,35.66583614425341,38.96627418693022,31.815152342144852,49.2812586666667,3.5597117054099105e-05,-4.448585173324752,0.008202697022062439,-0.01914294964399932,961.0,-6.078980767470155e-05,-0.000602662082407948
batch2,batch2_035,,VarCharge-6C-100cycles,6.0,423,100,1.0565366316,1.0623560490000004,0.020666520999999993,36.50175433149703,38.37067410825434,32.800903726614386,17.612362249999997,0.000604075245598287,-3.2189089608610653,0.04484594893580815,-0.07570840765806064,297.0,-0.00030462756328792143,-0.0006632660690598288
batch2,batch2_036,,VarCharge-8C-100cycles,8.0,280,100,1.0434052236999998,1.0513668840000001,0.02033557,38.55935886221206,41.3871334539639,33.33859524680303,16.29528071666668,0.002065771068001692,-2.6849178093471577,0.08442881472449687,-0.1360257368450053,112.0,-0.0006985188461029753,-0.0007109945640947288
batch2,batch2_037,,3.6C(80%)-3.6C(SLOWCYCLE,3.6,101,100,1.0950189059000002,1.0940612330000001,0.017242516180000004,32.929452048618025,38.0085816232,30.25270794675771,18.172783016666813,1.695856550878882e-05,-4.770610886629153,0.0029833160464743996,-0.028681743378075525,,,
batch2,batch2_038,,4.8C(80%)-4.8C(SLOWCYCLE,4.8,101,100,1.0948824099999999,1.09211231,0.01658825556,36.68485345959224,400.0,,14.869877166666718,6.0904550971893996e-05,-4.215350254359975,0.013148209711945616,-0.03614952540357205,,,
batch2,batch2_039,,3.6C(9%)-5C(SLOWCYCLE,3.6,434,100,1.0818235189999998,1.0794309440000003,0.016813597830000002,32.88418677825157,37.61655951405202,30.175121973489603,14.875160683333265,0.0004339268330283632,-3.3625834932774885,0.03455301965015995,-0.06095179783518334,292.0,-0.0001602244192153183,-0.0009310838980295572
batch2,batch2_040,,5.2C(58%)-4C(SLOWCYCLE,5.2,459,100,1.096316141,1.0928654260000001,,32.467598204820945,36.69653803638811,30.064793329462777,54.10118255000003,0.0002514390480151275,-3.5995672762895525,0.02547583082825176,-0.048163210220580344,322.0,-0.00015920497826066876,-0.0010414871959496428
batch2,batch2_041,442.0,5.6C(26%)-4.5C,5.6,463,100,1.105940476,1.1622809492,,30.20099354305731,32.73893316284874,29.218635552767186,49.423369649999984,0.0006724100406155343,-3.1723658101769976,0.037768291495701274,-0.08093104924483763,336.0,-0.0001474366988586483,-0.0017110732464957258
batch2,batch2_042,474.0,5.2C(50%)-4.25C,5.2,497,100,1.1070860530000002,1.0934143050000003,,31.71041325336692,35.56989042695383,29.68803081683075,10.175117383333331,0.0003291640157368037,-3.482587648007536,0.02934071492636848,-0.054167624970645756,351.0,-5.098518834747663e-05,-0.0016906552749721907
batch2,batch2_043,1029.0,4.8C(80%)-4.8C-newstructure,4.8,1061,100,1.098649702,1.0896777130000002,,33.91860336356293,36.959106807008,30.858251918038107,10.036757000000032,5.3483284647826735e-05,-4.271781928623568,0.008793714465857192,-0.019164842112240565,836.0,-5.240569640409448e-05,-0.000928837584705518
batch2,batch2_044,841.0,5.2C(58%)-4C-newstructure,5.2,874,100,1.0976301800000001,1.088652449,,33.956934554468496,36.87556475443348,30.996439284497846,49.26516493333332,4.3199281110227894e-05,-4.36452348032534,0.00876089532252464,-0.020302277620516618,696.0,-4.2686532999686044e-05,-0.0013397188593307562
batch2,batch2_045,997.0,5.6C(26%)-4.5C-newstructure,5.6,1027,100,1.1012386699999999,1.0939449640000003,,35.27071288818467,37.86716134641493,32.53611370150211,10.040191283333298,6.680132101075869e-05,-4.175214949171005,0.01116306629285677,-0.026670418787086536,771.0,-4.5299454857601726e-05,-0.0008351446991803976
batch2,batch2_046,503.0,4.8C(80%)-4.8C,4.8,523,100,1.1025293669999998,1.0928841054,,29.88032329687331,31.00932954761403,28.938430347930016,49.40651875000001,0.00030983099889204734,-3.5088751328187002,0.02304951669972013,-0.05286240500828243,396.0,-0.00014696583933787837,-0.001624090759658123
