experiment,cell_id,policy,fold,actual,predicted,abs_error
median_baseline,batch1_000,3.6C(80%)-3.6C,1,1852.0,772.5,1079.5
median_baseline,batch1_001,3.6C(80%)-3.6C,1,2160.0,772.5,1387.5
median_baseline,batch1_002,3.6C(80%)-3.6C,1,2237.0,772.5,1464.5
median_baseline,batch1_003,4C(80%)-4C,3,1434.0,854.0,580.0
median_baseline,batch1_004,4C(80%)-4C,3,1709.0,854.0,855.0
median_baseline,batch1_005,4.4C(80%)-4.4C,1,1074.0,772.5,301.5
median_baseline,batch1_006,4.8C(80%)-4.8C,4,636.0,854.0,218.0
median_baseline,batch1_007,4.8C(80%)-4.8C,4,870.0,854.0,16.0
median_baseline,batch1_009,5.4C(40%)-3.6C,5,1054.0,842.0,212.0
median_baseline,batch1_011,5.4C(50%)-3C,1,788.0,772.5,15.5
median_baseline,batch1_014,5.4C(60%)-3C,1,880.0,772.5,107.5
median_baseline,batch1_015,5.4C(60%)-3C,1,719.0,772.5,53.5
median_baseline,batch1_016,5.4C(60%)-3.6C,2,862.0,842.0,20.0
median_baseline,batch1_017,5.4C(60%)-3.6C,2,857.0,842.0,15.0
median_baseline,batch1_018,5.4C(70%)-3C,5,691.0,842.0,151.0
median_baseline,batch1_019,5.4C(70%)-3C,5,788.0,842.0,54.0
median_baseline,batch1_020,5.4C(80%)-5.4C,4,534.0,854.0,320.0
median_baseline,batch1_021,5.4C(80%)-5.4C,4,559.0,854.0,295.0
median_baseline,batch1_023,6C(30%)-3.6C,5,1014.0,842.0,172.0
median_baseline,batch1_024,6C(40%)-3C,2,1017.0,842.0,175.0
median_baseline,batch1_025,6C(40%)-3C,2,854.0,842.0,12.0
median_baseline,batch1_026,6C(40%)-3.6C,3,870.0,854.0,16.0
median_baseline,batch1_027,6C(40%)-3.6C,3,842.0,854.0,12.0
median_baseline,batch1_028,6C(50%)-3C,5,860.0,842.0,18.0
median_baseline,batch1_029,6C(50%)-3C,5,917.0,842.0,75.0
median_baseline,batch1_030,6C(50%)-3.6C,1,709.0,772.5,63.5
median_baseline,batch1_031,6C(50%)-3.6C,1,876.0,772.5,103.5
median_baseline,batch1_032,6C(60%)-3C,4,731.0,854.0,123.0
median_baseline,batch1_033,6C(60%)-3C,4,757.0,854.0,97.0
median_baseline,batch1_034,7C(30%)-3.6C,3,742.0,854.0,112.0
median_baseline,batch1_035,7C(30%)-3.6C,3,703.0,854.0,151.0
median_baseline,batch1_036,7C(40%)-3C,5,704.0,842.0,138.0
median_baseline,batch1_037,7C(40%)-3C,5,648.0,842.0,194.0
median_baseline,batch1_038,7C(40%)-3.6C,2,617.0,842.0,225.0
median_baseline,batch1_039,7C(40%)-3.6C,2,625.0,842.0,217.0
median_baseline,batch1_040,8C(15%)-3.6C,4,966.0,854.0,112.0
median_baseline,batch1_041,8C(15%)-3.6C,4,1051.0,854.0,197.0
median_baseline,batch1_042,8C(25%)-3.6C,3,702.0,854.0,152.0
median_baseline,batch1_043,8C(25%)-3.6C,3,651.0,854.0,203.0
median_baseline,batch1_044,8C(35%)-3.6C,2,616.0,842.0,226.0
median_baseline,batch1_045,8C(35%)-3.6C,2,599.0,842.0,243.0
ridge_basic,batch1_000,3.6C(80%)-3.6C,1,1852.0,1382.8052830126258,469.19471698737425
ridge_basic,batch1_001,3.6C(80%)-3.6C,1,2160.0,1419.7634145529883,740.2365854470117
ridge_basic,batch1_002,3.6C(80%)-3.6C,1,2237.0,1441.786697270596,795.213302729404
ridge_basic,batch1_003,4C(80%)-4C,3,1434.0,1448.2441062983467,14.24410629834665
ridge_basic,batch1_004,4C(80%)-4C,3,1709.0,1198.100174711949,510.89982528805103
ridge_basic,batch1_005,4.4C(80%)-4.4C,1,1074.0,1750.0657796188384,676.0657796188384
ridge_basic,batch1_006,4.8C(80%)-4.8C,4,636.0,795.6505258927718,159.65052589277184
ridge_basic,batch1_007,4.8C(80%)-4.8C,4,870.0,1036.5369633658297,166.5369633658297
ridge_basic,batch1_009,5.4C(40%)-3.6C,5,1054.0,981.9897710044148,72.01022899558518
ridge_basic,batch1_011,5.4C(50%)-3C,1,788.0,761.3469493065895,26.653050693410478
ridge_basic,batch1_014,5.4C(60%)-3C,1,880.0,1428.7740092900933,548.7740092900933
ridge_basic,batch1_015,5.4C(60%)-3C,1,719.0,1340.8471863387754,621.8471863387754
ridge_basic,batch1_016,5.4C(60%)-3.6C,2,862.0,853.2149080932754,8.785091906724574
ridge_basic,batch1_017,5.4C(60%)-3.6C,2,857.0,784.5980340051734,72.40196599482658
ridge_basic,batch1_018,5.4C(70%)-3C,5,691.0,931.527081270214,240.527081270214
ridge_basic,batch1_019,5.4C(70%)-3C,5,788.0,743.250239279774,44.74976072022605
ridge_basic,batch1_020,5.4C(80%)-5.4C,4,534.0,542.3548746638367,8.354874663836654
ridge_basic,batch1_021,5.4C(80%)-5.4C,4,559.0,528.3177139752581,30.68228602474187
ridge_basic,batch1_023,6C(30%)-3.6C,5,1014.0,1068.0429589399637,54.04295893996368
ridge_basic,batch1_024,6C(40%)-3C,2,1017.0,863.2335444261154,153.76645557388463
ridge_basic,batch1_025,6C(40%)-3C,2,854.0,800.8447220293209,53.155277970679094
ridge_basic,batch1_026,6C(40%)-3.6C,3,870.0,850.6260175179638,19.37398248203624
ridge_basic,batch1_027,6C(40%)-3.6C,3,842.0,651.8389353571367,190.16106464286327
ridge_basic,batch1_028,6C(50%)-3C,5,860.0,698.8225496865617,161.17745031343827
ridge_basic,batch1_029,6C(50%)-3C,5,917.0,907.1586204539338,9.84137954606615
ridge_basic,batch1_030,6C(50%)-3.6C,1,709.0,617.4969223339541,91.5030776660459
ridge_basic,batch1_031,6C(50%)-3.6C,1,876.0,1128.0579131000973,252.05791310009727
ridge_basic,batch1_032,6C(60%)-3C,4,731.0,673.5661521949913,57.43384780500867
ridge_basic,batch1_033,6C(60%)-3C,4,757.0,758.2606511783624,1.2606511783624228
ridge_basic,batch1_034,7C(30%)-3.6C,3,742.0,849.4603158123529,107.46031581235286
ridge_basic,batch1_035,7C(30%)-3.6C,3,703.0,878.9280489708478,175.92804897084784
ridge_basic,batch1_036,7C(40%)-3C,5,704.0,1058.782001062272,354.782001062272
ridge_basic,batch1_037,7C(40%)-3C,5,648.0,867.9729426263243,219.9729426263243
ridge_basic,batch1_038,7C(40%)-3.6C,2,617.0,526.8458082134048,90.15419178659522
ridge_basic,batch1_039,7C(40%)-3.6C,2,625.0,686.573477986698,61.57347798669798
ridge_basic,batch1_040,8C(15%)-3.6C,4,966.0,953.9162105491552,12.083789450844847
ridge_basic,batch1_041,8C(15%)-3.6C,4,1051.0,967.832399460457,83.16760053954295
ridge_basic,batch1_042,8C(25%)-3.6C,3,702.0,767.7493968398176,65.74939683981756
ridge_basic,batch1_043,8C(25%)-3.6C,3,651.0,668.5727327545976,17.57273275459761
ridge_basic,batch1_044,8C(35%)-3.6C,2,616.0,854.5714368067827,238.57143680678269
ridge_basic,batch1_045,8C(35%)-3.6C,2,599.0,788.0403240956052,189.04032409560523
ridge_delta_only,batch1_000,3.6C(80%)-3.6C,1,1852.0,1747.4168147884877,104.58318521151227
ridge_delta_only,batch1_001,3.6C(80%)-3.6C,1,2160.0,1746.7333473734836,413.26665262651636
ridge_delta_only,batch1_002,3.6C(80%)-3.6C,1,2237.0,1536.740411310611,700.2595886893889
ridge_delta_only,batch1_003,4C(80%)-4C,3,1434.0,1393.3415150104036,40.658484989596445
ridge_delta_only,batch1_004,4C(80%)-4C,3,1709.0,1574.348861087543,134.6511389124571
ridge_delta_only,batch1_005,4.4C(80%)-4.4C,1,1074.0,1113.5685316018375,39.56853160183755
ridge_delta_only,batch1_006,4.8C(80%)-4.8C,4,636.0,783.5707945399628,147.57079453996278
ridge_delta_only,batch1_007,4.8C(80%)-4.8C,4,870.0,825.291373920458,44.708626079542
ridge_delta_only,batch1_009,5.4C(40%)-3.6C,5,1054.0,1053.3422357732377,0.6577642267623105
ridge_delta_only,batch1_011,5.4C(50%)-3C,1,788.0,1089.319983073865,301.31998307386493
ridge_delta_only,batch1_014,5.4C(60%)-3C,1,880.0,1012.8724732670365,132.87247326703653
ridge_delta_only,batch1_015,5.4C(60%)-3C,1,719.0,991.5511317342348,272.5511317342348
ridge_delta_only,batch1_016,5.4C(60%)-3.6C,2,862.0,1099.888397866906,237.88839786690596
ridge_delta_only,batch1_017,5.4C(60%)-3.6C,2,857.0,976.1428980667313,119.14289806673128
ridge_delta_only,batch1_018,5.4C(70%)-3C,5,691.0,681.264153741849,9.735846258151014
ridge_delta_only,batch1_019,5.4C(70%)-3C,5,788.0,653.8346568206977,134.16534317930234
ridge_delta_only,batch1_020,5.4C(80%)-5.4C,4,534.0,407.92948762391154,126.07051237608846
ridge_delta_only,batch1_021,5.4C(80%)-5.4C,4,559.0,392.1240662924756,166.87593370752438
ridge_delta_only,batch1_023,6C(30%)-3.6C,5,1014.0,1036.4429163965572,22.442916396557166
ridge_delta_only,batch1_024,6C(40%)-3C,2,1017.0,945.9883475438801,71.01165245611992
ridge_delta_only,batch1_025,6C(40%)-3C,2,854.0,1031.411882167879,177.41188216787896
ridge_delta_only,batch1_026,6C(40%)-3.6C,3,870.0,822.0804491235518,47.91955087644817
ridge_delta_only,batch1_027,6C(40%)-3.6C,3,842.0,873.6861327349096,31.68613273490962
ridge_delta_only,batch1_028,6C(50%)-3C,5,860.0,858.1942112591124,1.8057887408875786
ridge_delta_only,batch1_029,6C(50%)-3C,5,917.0,852.3489097523789,64.65109024762114
ridge_delta_only,batch1_030,6C(50%)-3.6C,1,709.0,784.3711362609903,75.37113626099028
ridge_delta_only,batch1_031,6C(50%)-3.6C,1,876.0,809.4172984509953,66.5827015490047
ridge_delta_only,batch1_032,6C(60%)-3C,4,731.0,669.0805787017734,61.91942129822655
ridge_delta_only,batch1_033,6C(60%)-3C,4,757.0,688.3415721166687,68.65842788333134
ridge_delta_only,batch1_034,7C(30%)-3.6C,3,742.0,869.1973168129864,127.1973168129864
ridge_delta_only,batch1_035,7C(30%)-3.6C,3,703.0,802.1256550233393,99.12565502333928
ridge_delta_only,batch1_036,7C(40%)-3C,5,704.0,698.9186803945006,5.081319605499402
ridge_delta_only,batch1_037,7C(40%)-3C,5,648.0,702.9526474689333,54.952647468933264
ridge_delta_only,batch1_038,7C(40%)-3.6C,2,617.0,461.9229267937058,155.0770732062942
ridge_delta_only,batch1_039,7C(40%)-3.6C,2,625.0,530.3618097749388,94.63819022506118
ridge_delta_only,batch1_040,8C(15%)-3.6C,4,966.0,1051.3704388019025,85.37043880190254
ridge_delta_only,batch1_041,8C(15%)-3.6C,4,1051.0,1066.6164816571006,15.616481657100621
ridge_delta_only,batch1_042,8C(25%)-3.6C,3,702.0,707.929236522282,5.929236522282054
ridge_delta_only,batch1_043,8C(25%)-3.6C,3,651.0,709.6263478660114,58.62634786601143
ridge_delta_only,batch1_044,8C(35%)-3.6C,2,616.0,450.1010283538426,165.8989716461574
ridge_delta_only,batch1_045,8C(35%)-3.6C,2,599.0,454.49754158301585,144.50245841698415
ridge_policy_proxy_only,batch1_000,3.6C(80%)-3.6C,1,1852.0,1522.8029705436443,329.1970294563557
ridge_policy_proxy_only,batch1_001,3.6C(80%)-3.6C,1,2160.0,1522.8029705436443,637.1970294563557
ridge_policy_proxy_only,batch1_002,3.6C(80%)-3.6C,1,2237.0,1522.8029705436443,714.1970294563557
ridge_policy_proxy_only,batch1_003,4C(80%)-4C,3,1434.0,1477.4486802426131,43.448680242613136
ridge_policy_proxy_only,batch1_004,4C(80%)-4C,3,1709.0,1477.4486802426131,231.55131975738686
ridge_policy_proxy_only,batch1_005,4.4C(80%)-4.4C,1,1074.0,1092.3372862409285,18.337286240928506
ridge_policy_proxy_only,batch1_006,4.8C(80%)-4.8C,4,636.0,911.3657340900788,275.36573409007883
ridge_policy_proxy_only,batch1_007,4.8C(80%)-4.8C,4,870.0,911.3657340900788,41.36573409007883
ridge_policy_proxy_only,batch1_009,5.4C(40%)-3.6C,5,1054.0,1130.473964026407,76.47396402640697
ridge_policy_proxy_only,batch1_011,5.4C(50%)-3C,1,788.0,1038.5290757030891,250.52907570308912
ridge_policy_proxy_only,batch1_014,5.4C(60%)-3C,1,880.0,877.1044440895708,2.8955559104291524
ridge_policy_proxy_only,batch1_015,5.4C(60%)-3C,1,719.0,877.1044440895708,158.10444408957085
ridge_policy_proxy_only,batch1_016,5.4C(60%)-3.6C,2,862.0,773.4462382243893,88.55376177561072
ridge_policy_proxy_only,batch1_017,5.4C(60%)-3.6C,2,857.0,773.4462382243893,83.55376177561072
ridge_policy_proxy_only,batch1_018,5.4C(70%)-3C,5,691.0,697.4525119656098,6.452511965609801
ridge_policy_proxy_only,batch1_019,5.4C(70%)-3C,5,788.0,697.4525119656098,90.5474880343902
ridge_policy_proxy_only,batch1_020,5.4C(80%)-5.4C,4,534.0,455.38551265367784,78.61448734632216
ridge_policy_proxy_only,batch1_021,5.4C(80%)-5.4C,4,559.0,455.38551265367784,103.61448734632216
ridge_policy_proxy_only,batch1_023,6C(30%)-3.6C,5,1014.0,1130.473964026407,116.47396402640697
ridge_policy_proxy_only,batch1_024,6C(40%)-3C,2,1017.0,1129.1052652776145,112.10526527761454
ridge_policy_proxy_only,batch1_025,6C(40%)-3C,2,854.0,1129.1052652776145,275.10526527761454
ridge_policy_proxy_only,batch1_026,6C(40%)-3.6C,3,870.0,920.1759640405576,50.175964040557574
ridge_policy_proxy_only,batch1_027,6C(40%)-3.6C,3,842.0,920.1759640405576,78.17596404055757
ridge_policy_proxy_only,batch1_028,6C(50%)-3C,5,860.0,859.8355564884085,0.16444351159145754
ridge_policy_proxy_only,batch1_029,6C(50%)-3C,5,917.0,859.8355564884085,57.16444351159146
ridge_policy_proxy_only,batch1_030,6C(50%)-3.6C,1,709.0,715.6798124760525,6.6798124760524615
ridge_policy_proxy_only,batch1_031,6C(50%)-3.6C,1,876.0,715.6798124760525,160.32018752394754
ridge_policy_proxy_only,batch1_032,6C(60%)-3C,4,731.0,569.3805680127782,161.6194319872218
ridge_policy_proxy_only,batch1_033,6C(60%)-3C,4,757.0,569.3805680127782,187.6194319872218
ridge_policy_proxy_only,batch1_034,7C(30%)-3.6C,3,742.0,867.9316468966148,125.93164689661478
ridge_policy_proxy_only,batch1_035,7C(30%)-3.6C,3,703.0,867.9316468966148,164.93164689661478
ridge_policy_proxy_only,batch1_036,7C(40%)-3C,5,704.0,769.6227539757424,65.6227539757424
ridge_policy_proxy_only,batch1_037,7C(40%)-3C,5,648.0,769.6227539757424,121.6227539757424
ridge_policy_proxy_only,batch1_038,7C(40%)-3.6C,2,617.0,496.82255051632563,120.17744948367437
ridge_policy_proxy_only,batch1_039,7C(40%)-3.6C,2,625.0,496.82255051632563,128.17744948367437
ridge_policy_proxy_only,batch1_040,8C(15%)-3.6C,4,966.0,1196.3533724878293,230.35337248782935
ridge_policy_proxy_only,batch1_041,8C(15%)-3.6C,4,1051.0,1196.3533724878293,145.35337248782935
ridge_policy_proxy_only,batch1_042,8C(25%)-3.6C,3,702.0,798.2725573713581,96.27255737135806
ridge_policy_proxy_only,batch1_043,8C(25%)-3.6C,3,651.0,798.2725573713581,147.27255737135806
ridge_policy_proxy_only,batch1_044,8C(35%)-3.6C,2,616.0,318.9930369897128,297.0069630102872
ridge_policy_proxy_only,batch1_045,8C(35%)-3.6C,2,599.0,318.9930369897128,280.0069630102872
ridge_compact,batch1_000,3.6C(80%)-3.6C,1,1852.0,1721.0858516935568,130.91414830644317
ridge_compact,batch1_001,3.6C(80%)-3.6C,1,2160.0,1729.3840001220847,430.6159998779153
ridge_compact,batch1_002,3.6C(80%)-3.6C,1,2237.0,1542.0881943760205,694.9118056239795
ridge_compact,batch1_003,4C(80%)-4C,3,1434.0,1494.1372122836726,60.137212283672625
ridge_compact,batch1_004,4C(80%)-4C,3,1709.0,1608.9728122257384,100.02718777426162
ridge_compact,batch1_005,4.4C(80%)-4.4C,1,1074.0,1133.469366235344,59.46936623534407
ridge_compact,batch1_006,4.8C(80%)-4.8C,4,636.0,775.9603298279515,139.96032982795145
ridge_compact,batch1_007,4.8C(80%)-4.8C,4,870.0,1023.5226124953106,153.52261249531057
ridge_compact,batch1_009,5.4C(40%)-3.6C,5,1054.0,1098.4567842030947,44.456784203094685
ridge_compact,batch1_011,5.4C(50%)-3C,1,788.0,989.150418033018,201.150418033018
ridge_compact,batch1_014,5.4C(60%)-3C,1,880.0,970.6524358011859,90.6524358011859
ridge_compact,batch1_015,5.4C(60%)-3C,1,719.0,916.2010607681657,197.2010607681657
ridge_compact,batch1_016,5.4C(60%)-3.6C,2,862.0,1139.000506388553,277.00050638855305
ridge_compact,batch1_017,5.4C(60%)-3.6C,2,857.0,942.2593468993628,85.25934689936275
ridge_compact,batch1_018,5.4C(70%)-3C,5,691.0,753.5382538732943,62.53825387329425
ridge_compact,batch1_019,5.4C(70%)-3C,5,788.0,705.4186443716113,82.58135562838868
ridge_compact,batch1_020,5.4C(80%)-5.4C,4,534.0,253.30488424840212,280.6951157515979
ridge_compact,batch1_021,5.4C(80%)-5.4C,4,559.0,392.5059111523117,166.49408884768832
ridge_compact,batch1_023,6C(30%)-3.6C,5,1014.0,1059.1460563505989,45.14605635059888
ridge_compact,batch1_024,6C(40%)-3C,2,1017.0,888.5610130428297,128.4389869571703
ridge_compact,batch1_025,6C(40%)-3C,2,854.0,967.2224349168331,113.2224349168331
ridge_compact,batch1_026,6C(40%)-3.6C,3,870.0,876.9199044564485,6.919904456448535
ridge_compact,batch1_027,6C(40%)-3.6C,3,842.0,833.8898537059539,8.110146294046103
ridge_compact,batch1_028,6C(50%)-3C,5,860.0,817.340798080091,42.65920191990904
ridge_compact,batch1_029,6C(50%)-3C,5,917.0,861.8553862381472,55.14461376185284
ridge_compact,batch1_030,6C(50%)-3.6C,1,709.0,768.3727046110143,59.37270461101434
ridge_compact,batch1_031,6C(50%)-3.6C,1,876.0,921.6193637540964,45.61936375409641
ridge_compact,batch1_032,6C(60%)-3C,4,731.0,654.2640785909368,76.73592140906317
ridge_compact,batch1_033,6C(60%)-3C,4,757.0,861.2824022345939,104.28240223459386
ridge_compact,batch1_034,7C(30%)-3.6C,3,742.0,851.0762659397273,109.07626593972725
ridge_compact,batch1_035,7C(30%)-3.6C,3,703.0,755.88953508412,52.889535084119984
ridge_compact,batch1_036,7C(40%)-3C,5,704.0,721.4722107189527,17.472210718952738
ridge_compact,batch1_037,7C(40%)-3C,5,648.0,670.5175870271153,22.51758702711527
ridge_compact,batch1_038,7C(40%)-3.6C,2,617.0,388.72889642588666,228.27110357411334
ridge_compact,batch1_039,7C(40%)-3.6C,2,625.0,549.1365048318872,75.86349516811276
ridge_compact,batch1_040,8C(15%)-3.6C,4,966.0,1121.5363406224383,155.53634062243827
ridge_compact,batch1_041,8C(15%)-3.6C,4,1051.0,1086.52867557955,35.528675579550054
ridge_compact,batch1_042,8C(25%)-3.6C,3,702.0,695.0415134427735,6.958486557226479
ridge_compact,batch1_043,8C(25%)-3.6C,3,651.0,592.7893205647322,58.21067943526782
ridge_compact,batch1_044,8C(35%)-3.6C,2,616.0,505.7651137995018,110.23488620049818
ridge_compact,batch1_045,8C(35%)-3.6C,2,599.0,501.57722938127586,97.42277061872414
ridge_compact_with_policy,batch1_000,3.6C(80%)-3.6C,1,1852.0,1690.8161778569074,161.18382214309258
ridge_compact_with_policy,batch1_001,3.6C(80%)-3.6C,1,2160.0,1700.2472981879373,459.7527018120627
ridge_compact_with_policy,batch1_002,3.6C(80%)-3.6C,1,2237.0,1567.60218892552,669.3978110744799
ridge_compact_with_policy,batch1_003,4C(80%)-4C,3,1434.0,1559.0797037069133,125.07970370691328
ridge_compact_with_policy,batch1_004,4C(80%)-4C,3,1709.0,1592.2106854185286,116.78931458147144
ridge_compact_with_policy,batch1_005,4.4C(80%)-4.4C,1,1074.0,1140.0138937871648,66.01389378716476
ridge_compact_with_policy,batch1_006,4.8C(80%)-4.8C,4,636.0,835.0781821905587,199.07818219055866
ridge_compact_with_policy,batch1_007,4.8C(80%)-4.8C,4,870.0,1074.2108715631805,204.2108715631805
ridge_compact_with_policy,batch1_009,5.4C(40%)-3.6C,5,1054.0,1138.6981278102483,84.69812781024825
ridge_compact_with_policy,batch1_011,5.4C(50%)-3C,1,788.0,970.4965125172673,182.49651251726732
ridge_compact_with_policy,batch1_014,5.4C(60%)-3C,1,880.0,933.8402906002509,53.84029060025091
ridge_compact_with_policy,batch1_015,5.4C(60%)-3C,1,719.0,879.558502735878,160.55850273587805
ridge_compact_with_policy,batch1_016,5.4C(60%)-3.6C,2,862.0,1018.5571005624523,156.55710056245232
ridge_compact_with_policy,batch1_017,5.4C(60%)-3.6C,2,857.0,863.9320464461498,6.932046446149798
ridge_compact_with_policy,batch1_018,5.4C(70%)-3C,5,691.0,754.139097137717,63.139097137717044
ridge_compact_with_policy,batch1_019,5.4C(70%)-3C,5,788.0,716.6570389056958,71.3429610943042
ridge_compact_with_policy,batch1_020,5.4C(80%)-5.4C,4,534.0,247.18397983415775,286.81602016584225
ridge_compact_with_policy,batch1_021,5.4C(80%)-5.4C,4,559.0,403.9075378169679,155.09246218303213
ridge_compact_with_policy,batch1_023,6C(30%)-3.6C,5,1014.0,1104.3335658342385,90.33356583423847
ridge_compact_with_policy,batch1_024,6C(40%)-3C,2,1017.0,963.3083787836476,53.69162121635236
ridge_compact_with_policy,batch1_025,6C(40%)-3C,2,854.0,1014.9902200148223,160.99022001482228
ridge_compact_with_policy,batch1_026,6C(40%)-3.6C,3,870.0,920.3241057224011,50.3241057224011
ridge_compact_with_policy,batch1_027,6C(40%)-3.6C,3,842.0,850.2415847671953,8.241584767195263
ridge_compact_with_policy,batch1_028,6C(50%)-3C,5,860.0,813.479148584271,46.520851415729
ridge_compact_with_policy,batch1_029,6C(50%)-3C,5,917.0,862.3105305079838,54.6894694920162
ridge_compact_with_policy,batch1_030,6C(50%)-3.6C,1,709.0,745.6040206135405,36.604020613540456
ridge_compact_with_policy,batch1_031,6C(50%)-3.6C,1,876.0,907.7103125533686,31.710312553368567
ridge_compact_with_policy,batch1_032,6C(60%)-3C,4,731.0,590.5192757775133,140.48072422248674
ridge_compact_with_policy,batch1_033,6C(60%)-3C,4,757.0,799.6839977335902,42.68399773359022
ridge_compact_with_policy,batch1_034,7C(30%)-3.6C,3,742.0,848.0191023339592,106.01910233395915
ridge_compact_with_policy,batch1_035,7C(30%)-3.6C,3,703.0,780.8245436133499,77.82454361334987
ridge_compact_with_policy,batch1_036,7C(40%)-3C,5,704.0,743.7907291918989,39.79072919189889
ridge_compact_with_policy,batch1_037,7C(40%)-3C,5,648.0,688.8584578362204,40.858457836220396
ridge_compact_with_policy,batch1_038,7C(40%)-3.6C,2,617.0,393.60524520288004,223.39475479711996
ridge_compact_with_policy,batch1_039,7C(40%)-3.6C,2,625.0,527.9912287371415,97.00877126285855
ridge_compact_with_policy,batch1_040,8C(15%)-3.6C,4,966.0,1205.6643065706576,239.66430657065757
ridge_compact_with_policy,batch1_041,8C(15%)-3.6C,4,1051.0,1160.0293673409865,109.02936734098648
ridge_compact_with_policy,batch1_042,8C(25%)-3.6C,3,702.0,727.0439952023294,25.04399520232937
ridge_compact_with_policy,batch1_043,8C(25%)-3.6C,3,651.0,619.8979231422463,31.102076857753673
ridge_compact_with_policy,batch1_044,8C(35%)-3.6C,2,616.0,439.18133367042196,176.81866632957804
ridge_compact_with_policy,batch1_045,8C(35%)-3.6C,2,599.0,436.0769130775594,162.92308692244058
elasticnet_compact,batch1_000,3.6C(80%)-3.6C,1,1852.0,1704.8300155852548,147.16998441474516
elasticnet_compact,batch1_001,3.6C(80%)-3.6C,1,2160.0,1713.5909948226788,446.4090051773212
elasticnet_compact,batch1_002,3.6C(80%)-3.6C,1,2237.0,1530.175953404405,706.8240465955951
elasticnet_compact,batch1_003,4C(80%)-4C,3,1434.0,1492.0796025596087,58.0796025596087
elasticnet_compact,batch1_004,4C(80%)-4C,3,1709.0,1597.9035893445061,111.09641065549386
elasticnet_compact,batch1_005,4.4C(80%)-4.4C,1,1074.0,1130.8805596668017,56.88055966680167
elasticnet_compact,batch1_006,4.8C(80%)-4.8C,4,636.0,783.3387923965633,147.33879239656335
elasticnet_compact,batch1_007,4.8C(80%)-4.8C,4,870.0,1020.8759438544025,150.87594385440252
elasticnet_compact,batch1_009,5.4C(40%)-3.6C,5,1054.0,1093.6925197194182,39.692519719418215
elasticnet_compact,batch1_011,5.4C(50%)-3C,1,788.0,984.1156542155024,196.11565421550245
elasticnet_compact,batch1_014,5.4C(60%)-3C,1,880.0,966.5068101849324,86.50681018493242
elasticnet_compact,batch1_015,5.4C(60%)-3C,1,719.0,912.4109132320525,193.4109132320525
elasticnet_compact,batch1_016,5.4C(60%)-3.6C,2,862.0,1134.7455291117838,272.74552911178375
elasticnet_compact,batch1_017,5.4C(60%)-3.6C,2,857.0,945.0117623655433,88.01176236554329
elasticnet_compact,batch1_018,5.4C(70%)-3C,5,691.0,761.8121421693443,70.81214216934427
elasticnet_compact,batch1_019,5.4C(70%)-3C,5,788.0,708.3472587818414,79.65274121815855
elasticnet_compact,batch1_020,5.4C(80%)-5.4C,4,534.0,280.1112231080773,253.8887768919227
elasticnet_compact,batch1_021,5.4C(80%)-5.4C,4,559.0,404.57118132829953,154.42881867170047
elasticnet_compact,batch1_023,6C(30%)-3.6C,5,1014.0,1059.3047288272426,45.30472882724257
elasticnet_compact,batch1_024,6C(40%)-3C,2,1017.0,886.3267906361033,130.67320936389672
elasticnet_compact,batch1_025,6C(40%)-3C,2,854.0,960.7645970045662,106.76459700456621
elasticnet_compact,batch1_026,6C(40%)-3.6C,3,870.0,874.0246231686261,4.024623168626135
elasticnet_compact,batch1_027,6C(40%)-3.6C,3,842.0,830.0953845371218,11.904615462878155
elasticnet_compact,batch1_028,6C(50%)-3C,5,860.0,814.3974283757727,45.60257162422727
elasticnet_compact,batch1_029,6C(50%)-3C,5,917.0,863.1954339487944,53.8045660512056
elasticnet_compact,batch1_030,6C(50%)-3.6C,1,709.0,767.9390446727487,58.93904467274865
elasticnet_compact,batch1_031,6C(50%)-3.6C,1,876.0,925.8507423626857,49.85074236268565
elasticnet_compact,batch1_032,6C(60%)-3C,4,731.0,659.5595115960996,71.44048840390042
elasticnet_compact,batch1_033,6C(60%)-3C,4,757.0,851.9057074444008,94.90570744440083
elasticnet_compact,batch1_034,7C(30%)-3.6C,3,742.0,852.6594465740365,110.65944657403645
elasticnet_compact,batch1_035,7C(30%)-3.6C,3,703.0,763.0977495241195,60.097749524119536
elasticnet_compact,batch1_036,7C(40%)-3C,5,704.0,729.9351847383891,25.935184738389125
elasticnet_compact,batch1_037,7C(40%)-3C,5,648.0,675.7970500655174,27.797050065517396
elasticnet_compact,batch1_038,7C(40%)-3.6C,2,617.0,397.18301674863767,219.81698325136233
elasticnet_compact,batch1_039,7C(40%)-3.6C,2,625.0,553.9138748299799,71.08612517002007
elasticnet_compact,batch1_040,8C(15%)-3.6C,4,966.0,1108.638279119617,142.63827911961698
elasticnet_compact,batch1_041,8C(15%)-3.6C,4,1051.0,1078.5989985445042,27.598998544504184
elasticnet_compact,batch1_042,8C(25%)-3.6C,3,702.0,695.5469273990898,6.453072600910218
elasticnet_compact,batch1_043,8C(25%)-3.6C,3,651.0,598.9155668834348,52.08443311656515
elasticnet_compact,batch1_044,8C(35%)-3.6C,2,616.0,516.0959774177803,99.90402258221968
elasticnet_compact,batch1_045,8C(35%)-3.6C,2,599.0,509.83056249256754,89.16943750743246
tree_compact,batch1_000,3.6C(80%)-3.6C,1,1852.0,1155.7142857142858,696.2857142857142
tree_compact,batch1_001,3.6C(80%)-3.6C,1,2160.0,1155.7142857142858,1004.2857142857142
tree_compact,batch1_002,3.6C(80%)-3.6C,1,2237.0,1155.7142857142858,1081.2857142857142
tree_compact,batch1_003,4C(80%)-4C,3,1434.0,1830.75,396.75
tree_compact,batch1_004,4C(80%)-4C,3,1709.0,1830.75,121.75
tree_compact,batch1_005,4.4C(80%)-4.4C,1,1074.0,1155.7142857142858,81.71428571428578
tree_compact,batch1_006,4.8C(80%)-4.8C,4,636.0,671.0833333333334,35.08333333333337
tree_compact,batch1_007,4.8C(80%)-4.8C,4,870.0,889.125,19.125
tree_compact,batch1_009,5.4C(40%)-3.6C,5,1054.0,884.5333333333333,169.4666666666667
tree_compact,batch1_011,5.4C(50%)-3C,1,788.0,1155.7142857142858,367.7142857142858
tree_compact,batch1_014,5.4C(60%)-3C,1,880.0,1155.7142857142858,275.7142857142858
tree_compact,batch1_015,5.4C(60%)-3C,1,719.0,869.8888888888889,150.8888888888889
tree_compact,batch1_016,5.4C(60%)-3.6C,2,862.0,901.5333333333333,39.5333333333333
tree_compact,batch1_017,5.4C(60%)-3.6C,2,857.0,901.5333333333333,44.5333333333333
tree_compact,batch1_018,5.4C(70%)-3C,5,691.0,649.1538461538462,41.84615384615381
tree_compact,batch1_019,5.4C(70%)-3C,5,788.0,649.1538461538462,138.8461538461538
tree_compact,batch1_020,5.4C(80%)-5.4C,4,534.0,671.0833333333334,137.08333333333337
tree_compact,batch1_021,5.4C(80%)-5.4C,4,559.0,671.0833333333334,112.08333333333337
tree_compact,batch1_023,6C(30%)-3.6C,5,1014.0,884.5333333333333,129.4666666666667
tree_compact,batch1_024,6C(40%)-3C,2,1017.0,901.5333333333333,115.4666666666667
tree_compact,batch1_025,6C(40%)-3C,2,854.0,901.5333333333333,47.5333333333333
tree_compact,batch1_026,6C(40%)-3.6C,3,870.0,905.6666666666666,35.66666666666663
tree_compact,batch1_027,6C(40%)-3.6C,3,842.0,905.6666666666666,63.66666666666663
tree_compact,batch1_028,6C(50%)-3C,5,860.0,884.5333333333333,24.533333333333303
tree_compact,batch1_029,6C(50%)-3C,5,917.0,884.5333333333333,32.4666666666667
tree_compact,batch1_030,6C(50%)-3.6C,1,709.0,660.0625,48.9375
tree_compact,batch1_031,6C(50%)-3.6C,1,876.0,660.0625,215.9375
tree_compact,batch1_032,6C(60%)-3C,4,731.0,671.0833333333334,59.91666666666663
tree_compact,batch1_033,6C(60%)-3C,4,757.0,671.0833333333334,85.91666666666663
tree_compact,batch1_034,7C(30%)-3.6C,3,742.0,905.6666666666666,163.66666666666663
tree_compact,batch1_035,7C(30%)-3.6C,3,703.0,658.1428571428571,44.85714285714289
tree_compact,batch1_036,7C(40%)-3C,5,704.0,649.1538461538462,54.84615384615381
tree_compact,batch1_037,7C(40%)-3C,5,648.0,649.1538461538462,1.1538461538461888
tree_compact,batch1_038,7C(40%)-3.6C,2,617.0,677.9230769230769,60.923076923076906
tree_compact,batch1_039,7C(40%)-3.6C,2,625.0,677.9230769230769,52.923076923076906
tree_compact,batch1_040,8C(15%)-3.6C,4,966.0,889.125,76.875
tree_compact,batch1_041,8C(15%)-3.6C,4,1051.0,889.125,161.875
tree_compact,batch1_042,8C(25%)-3.6C,3,702.0,658.1428571428571,43.85714285714289
tree_compact,batch1_043,8C(25%)-3.6C,3,651.0,658.1428571428571,7.14285714285711
tree_compact,batch1_044,8C(35%)-3.6C,2,616.0,677.9230769230769,61.923076923076906
tree_compact,batch1_045,8C(35%)-3.6C,2,599.0,677.9230769230769,78.9230769230769
