experiment,fold,n_valid,features,mape_pct,mae_cycles
median_baseline,1,9,early_mean_QD+early_mean_Tavg+early_mean_chargetime,17.77672701561427,178.33333333333334
median_baseline,2,10,early_mean_QD+early_mean_Tavg+early_mean_chargetime,25.848659870128287,204.2
median_baseline,3,10,early_mean_QD+early_mean_Tavg+early_mean_chargetime,15.097847012435794,104.0
median_baseline,4,9,early_mean_QD+early_mean_Tavg+early_mean_chargetime,12.723256709898212,118.22222222222223
median_baseline,5,8,early_mean_QD+early_mean_Tavg+early_mean_chargetime,23.0824577466299,141.375
ridge_basic,1,9,early_mean_QD+early_mean_Tavg+early_mean_chargetime,11.335387907686032,108.85422031554896
ridge_basic,2,10,early_mean_QD+early_mean_Tavg+early_mean_chargetime,23.747350001230792,190.47785488632994
ridge_basic,3,10,early_mean_QD+early_mean_Tavg+early_mean_chargetime,10.499140866537719,78.27204850596716
ridge_basic,4,9,early_mean_QD+early_mean_Tavg+early_mean_chargetime,10.488609311738944,98.60129537162666
ridge_basic,5,8,early_mean_QD+early_mean_Tavg+early_mean_chargetime,16.725291458992974,119.3929454043265
ridge_delta_only,1,9,delta_q_logvar,10.533009419316725,108.00465770027967
ridge_delta_only,2,10,delta_q_logvar,9.491145006519675,82.61285479842218
ridge_delta_only,3,10,delta_q_logvar,9.512705921432705,69.19067266198603
ridge_delta_only,4,9,delta_q_logvar,8.830982906246652,83.45233062348008
ridge_delta_only,5,8,delta_q_logvar,8.376902907117593,57.48364924796492
ridge_policy_proxy_only,1,9,policy_rate_proxy,9.021062155210723,89.91449815600029
ridge_policy_proxy_only,2,10,policy_rate_proxy,8.059065565373377,72.77587768346726
ridge_policy_proxy_only,3,10,policy_rate_proxy,11.246780964829291,79.964780762916
ridge_policy_proxy_only,4,9,policy_rate_proxy,8.144883596819666,72.33516181463273
ridge_policy_proxy_only,5,8,policy_rate_proxy,10.989821979733366,75.77671825609141
ridge_compact,1,9,delta_q_logvar+early_mean_QD+early_mean_Tavg,10.839815952584125,110.44143120186952
ridge_compact,2,10,delta_q_logvar+early_mean_QD+early_mean_Tavg,8.961878643794583,78.60797414695652
ridge_compact,3,10,delta_q_logvar+early_mean_QD+early_mean_Tavg,7.253010036712147,52.87905230856104
ridge_compact,4,9,delta_q_logvar+early_mean_QD+early_mean_Tavg,7.248735052246796,70.70391570528756
ridge_compact,5,8,delta_q_logvar+early_mean_QD+early_mean_Tavg,6.615985257408331,48.60768055504528
ridge_compact_with_policy,1,9,delta_q_logvar+early_mean_QD+early_mean_Tavg+policy_rate_proxy,10.356941022778035,106.5469452683008
ridge_compact_with_policy,2,10,delta_q_logvar+early_mean_QD+early_mean_Tavg+policy_rate_proxy,7.4445418854691,68.04062011114182
ridge_compact_with_policy,3,10,delta_q_logvar+early_mean_QD+early_mean_Tavg+policy_rate_proxy,8.001463889321734,56.87076959949686
ridge_compact_with_policy,4,9,delta_q_logvar+early_mean_QD+early_mean_Tavg+policy_rate_proxy,5.291514842226143,51.66248366306898
ridge_compact_with_policy,5,8,delta_q_logvar+early_mean_QD+early_mean_Tavg+policy_rate_proxy,7.651740926476484,55.879367031429695
elasticnet_compact,1,9,delta_q_logvar+early_mean_QD+early_mean_Tavg,10.549301978095908,106.80181305742565
elasticnet_compact,2,10,delta_q_logvar+early_mean_QD+early_mean_Tavg,9.103012647100352,79.73377019536
elasticnet_compact,3,10,delta_q_logvar+early_mean_QD+early_mean_Tavg,7.441366276023051,54.11609229331484
elasticnet_compact,4,9,delta_q_logvar+early_mean_QD+early_mean_Tavg,7.323253224592693,71.5242094089419
elasticnet_compact,5,8,delta_q_logvar+early_mean_QD+early_mean_Tavg,7.188961528397075,51.72224490157063
tree_compact,1,9,delta_q_logvar+early_mean_QD+early_mean_Tavg,8.643001600328013,85.94567901234566
tree_compact,2,10,delta_q_logvar+early_mean_QD+early_mean_Tavg,11.67387640493403,87.80552631578948
tree_compact,3,10,delta_q_logvar+early_mean_QD+early_mean_Tavg,13.69081169718727,98.20420168067224
tree_compact,4,9,delta_q_logvar+early_mean_QD+early_mean_Tavg,10.960589990166362,101.7742919389978
tree_compact,5,8,delta_q_logvar+early_mean_QD+early_mean_Tavg,8.140477920888483,49.21811740890686
