batch,feature,n,pearson,spearman
batch1,first_c_rate,46,-0.5797191371008248,-0.48271400298540956
batch1,policy_rate_proxy,46,-0.892366375807809,-0.868793396920776
batch1,early_mean_QD,46,0.19339315214469852,0.18502528714109573
batch1,early_mean_IR,46,0.2179682927268745,0.18903416836248615
batch1,early_mean_Tavg,46,-0.4817746366763406,-0.37146910148360657
batch1,early_mean_Tmax,46,-0.403595851944804,-0.32299247625263944
batch1,early_mean_chargetime,46,0.5770368723870704,0.6130504513941638
batch1,delta_q_logvar,46,-0.8861231036774866,-0.8711607269559923
batch1,delta_q_mean_abs,46,-0.8537942092012151,-0.8281115101478308
batch2,first_c_rate,34,0.13846740266162352,-0.05546331752415813
batch2,policy_rate_proxy,34,-0.21562748932147024,-0.26679473941885096
batch2,early_mean_QD,34,-0.3950579746764922,0.15311736120095737
batch2,early_mean_IR,28,-0.6337978440202647,-0.11222115884480874
batch2,early_mean_Tavg,34,0.4269165373124394,0.13401589398526906
batch2,early_mean_Tmax,34,0.06426951719587468,-0.1375305639529557
batch2,early_mean_chargetime,34,0.1413323457858599,-0.3190709083708573
batch2,delta_q_logvar,34,-0.9095651426810998,-0.7085880278331731
batch2,delta_q_mean_abs,34,-0.7459115938053802,-0.6800122328785032
batch3,first_c_rate,40,-0.039167005537879475,-0.16337364719625583
batch3,policy_rate_proxy,40,-0.4136984334755809,-0.428111873975076
batch3,early_mean_QD,40,0.29157113187928657,0.2473027499390801
batch3,early_mean_IR,40,0.20103643663645063,0.21287175250825974
batch3,early_mean_Tavg,40,-0.039384675134197786,0.017356224862947578
batch3,early_mean_Tmax,40,-0.1376512644875849,-0.07214560497084697
batch3,early_mean_chargetime,40,0.5976704207847718,0.04850361218456161
batch3,delta_q_logvar,40,-0.7416614991152234,-0.7586077526583466
batch3,delta_q_mean_abs,40,-0.5924160790290771,-0.7194858836429459
