batch,cell_id,cycle_life,policy,first_c_rate,n_cycles,n_early,early_mean_QD,early_mean_QC,early_mean_IR,early_mean_Tavg,early_mean_Tmax,early_mean_Tmin,early_mean_chargetime,delta_q_var,delta_q_logvar,delta_q_mean_abs,delta_q_min,knee_cycle,slope_before,slope_after,policy_switch_soc,second_c_rate,policy_rate_proxy,reference_exclusion
batch1,batch1_000,1190.0,3.6C(80%)-3.6C,3.6,1189,100,1.0805965747474746,1.080434013131313,0.016643322040404,31.603747328822767,35.376748303030304,29.345268878787877,13.384230505050484,9.663600264771342e-06,-5.014861042960788,0.0029553268326952,-0.0084596429342688,513.0,-3.294108960469649e-05,-4.1801421306235696e-05,80.0,3.6,3.6,False
batch1,batch1_001,1179.0,3.6C(80%)-3.6C,3.6,1178,100,1.08124687979798,1.0810921000000002,0.016921770387755,31.33031430692745,34.160654787878784,29.561504050505047,13.374696464646446,9.683678956852016e-06,-5.013959617162855,0.0040996146213451,-0.0110038165966219,412.0,-2.3150528509702972e-05,-4.388183290207562e-05,80.0,3.6,3.6,False
batch1,batch1_002,1177.0,3.6C(80%)-3.6C,3.6,1176,100,1.0853711969696969,1.0851456515151514,0.0167689786020408,31.479584113211207,34.544643838383834,29.64075872727273,13.378886329966338,1.8323155109711005e-05,-4.7369997419805365,0.0044870752718771,-0.0172163918496444,432.0,-2.199475390348798e-05,-4.448870701977088e-05,80.0,3.6,3.6,False
batch1,batch1_003,1226.0,4C(80%)-4C,4.0,1225,100,1.08494896969697,1.0845464424242424,0.0163109127346938,29.942198807956427,30.662263141414144,29.38564177777777,12.053277171717166,3.608997994486938e-05,-4.442613359277012,0.0074678458205989,-0.0189605397732695,962.0,-4.48066424582233e-05,-0.0002523942012578,80.0,4.0,4.0,False
batch1,batch1_004,1227.0,4C(80%)-4C,4.0,1226,100,1.0828435313131313,1.082700305050505,0.0166688861632653,31.44888383416564,34.38251588888889,29.487975303030296,12.053313636363642,2.250382488567616e-05,-4.647743660307859,0.005751417009648,-0.0139579950936773,892.0,-3.92150845117021e-05,-8.570126666134578e-05,80.0,4.0,4.0,False
batch1,batch1_005,1074.0,4.4C(80%)-4.4C,4.4,1073,100,1.0803274434343435,1.0801648737373737,0.0162703885757575,30.92149771366389,33.02000678787879,29.24238684848485,15.07576803030309,6.624026126041227e-05,-4.178877963304522,0.0110945077663963,-0.0251787789493372,857.0,-6.613203412772618e-05,-0.0006368606300916,80.0,4.4,4.4,False
batch1,batch1_006,636.0,4.8C(80%)-4.8C,4.8,635,100,1.0809117848484848,1.0804206040404043,0.0166757100612244,32.27384521945563,35.79263145454546,29.74772723232324,10.04485760942758,0.0001702637129223,-3.768877900227724,0.0159709135908868,-0.0378860393134797,502.0,-0.0001052589534953,-0.0010588639236874,80.0,4.8,4.8,False
batch1,batch1_007,870.0,4.8C(80%)-4.8C,4.8,869,100,1.0969264323232324,1.096663804040404,0.0162139184081632,31.99008450921703,35.32269474747474,29.58006356565657,10.044094528619512,0.0001536434047758,-3.8134860773269863,0.0166457272456197,-0.0382333865070744,642.0,-7.553974778543489e-05,-0.0007038896325007,80.0,4.8,4.8,False
batch1,batch1_008,879.0,5.4C(40%)-3.6C,5.4,878,100,1.0947719373737372,1.094458098989899,0.0167117057070707,32.076506270161325,34.45206194949495,30.31709192929293,11.24361163299663,9.97253091328456e-05,-4.001194608771134,0.0128191743692322,-0.030807702259195,677.0,-5.806557574870823e-05,-0.0004241947372822,40.0,3.6,4.5,False
batch1,batch1_009,1054.0,5.4C(40%)-3.6C,5.4,1053,100,1.0876998484848484,1.0874001565656566,0.0168353652323232,32.64153361126789,35.98493365656566,30.276260303030305,11.241857609427615,8.72200481780871e-05,-4.059383677769545,0.0115106005684801,-0.0287244756962299,792.0,-6.152524095661568e-05,-0.0005582116237703,40.0,3.6,4.5,False
batch1,batch1_010,906.0,5.4C(50%)-3C,5.4,905,100,1.0817046181818182,1.0809541363636364,0.0165639684285714,33.208150668462316,36.87145022222223,30.29658949494949,11.68804023569027,9.493510903192644e-05,-4.022573146487059,0.0106755937039579,-0.0269929319225264,692.0,-5.5242746233353624e-05,-0.0003716572739353,50.0,3.0,4.5,False
batch1,batch1_011,788.0,5.4C(50%)-3C,5.4,787,100,1.060083885858586,1.0594954424242422,0.0162007278265306,32.75932260623101,36.23175358585859,30.149756828282825,11.684114427609464,7.130228856858242e-05,-4.146896530502188,0.008409509199325,-0.0236915130336226,592.0,-6.099651291546512e-05,-0.0007104634643527,50.0,3.0,4.5,False
batch1,batch1_012,902.0,5.4C(50%)-3.6C,5.4,901,100,1.0821552232323233,1.0817864303030305,0.0164390562323232,33.4580219141428,37.448847525252525,30.39357482828283,10.68385405723906,7.495650888780392e-05,-4.125190648988873,0.0112379583337073,-0.0274388695876881,687.0,-5.68975083073541e-05,-0.0005700510090607,50.0,3.6,4.725,False
batch1,batch1_013,897.0,5.4C(50%)-3.6C,5.4,896,100,1.0842732373737374,1.0840700979797977,0.0170365509494949,32.09216634315908,34.67959250505051,30.020152525252527,10.685353013468024,8.953514522265102e-05,-4.048006457642694,0.0131487343816584,-0.0291370752398165,707.0,-6.1031673487733816e-05,-0.0005863437898019,50.0,3.6,4.725,False
batch1,batch1_014,880.0,5.4C(60%)-3C,5.4,879,100,1.0761029171717174,1.075364595959596,0.0169750018383838,33.07746279993842,36.63094507070708,30.081030757575764,14.925935387205389,8.993529426869348e-05,-4.046069839990279,0.0119462182234678,-0.0282939556930506,657.0,-6.388365013612427e-05,-0.000681410844137,60.0,3.0,4.8,False
batch1,batch1_015,719.0,5.4C(60%)-3C,5.4,718,100,1.0676568858585858,1.0669695919191915,0.0168399864343434,33.147720104395674,37.05618863636363,29.95430322222223,14.92770846801342,9.595130743781206e-05,-4.017949103167607,0.0110130893131804,-0.028944554696785,552.0,-6.415766345828593e-05,-0.0008802256710466,60.0,3.0,4.8,False
batch1,batch1_016,862.0,5.4C(60%)-3.6C,5.4,861,100,1.0864695565656566,1.0858408646464648,0.0166975241428571,32.41716254671689,35.85141423232323,29.8397305959596,10.12547436026938,7.954013514589506e-05,-4.099413675443745,0.0124038061637924,-0.0276066748423711,672.0,-6.298748428284512e-05,-0.0008391174020133,60.0,3.6,4.95,False
batch1,batch1_017,857.0,5.4C(60%)-3.6C,5.4,856,100,1.0771062363636363,1.0768656303030304,0.0166762275353535,32.08875385853444,35.43276257575758,29.510072111111107,10.138112053872058,0.0001071125969275,-3.970159451162403,0.0133431157573995,-0.0310679671089385,652.0,-5.8879382785507986e-05,-0.0007476795752613,60.0,3.6,4.95,False
batch1,batch1_018,691.0,5.4C(70%)-3C,5.4,690,100,1.086443382828283,1.239790781818182,0.0180047544141414,31.83105727561802,35.415118353535355,29.92691219191919,9.925956313131316,0.0002238305979209,-3.650080545153841,0.0207023868033387,-0.0441332154082728,548.0,-0.0001190741622622,-0.0008802819615763,70.0,3.0,5.1,False
batch1,batch1_019,788.0,5.4C(70%)-3C,5.4,787,100,1.0883684717171715,1.0882763343434343,0.016324869080808,33.044085397077396,36.83902758585858,30.129123131313136,9.930255336700304,0.0002399347614457,-3.6199068274368353,0.0201066456600579,-0.0458926934265084,577.0,-8.742730340093213e-05,-0.0007363280229537,70.0,3.0,5.1,False
batch1,batch1_020,534.0,5.4C(80%)-5.4C,5.4,533,100,1.0698410858585858,1.0691817929292928,0.0152103660918367,32.15292201754506,34.92834715151515,29.96077201010101,9.027207626262616,0.0004293016817129,-3.367237410245857,0.0327964648448622,-0.0635804268966032,412.0,-0.0002667656655456,-0.0006882639692307,80.0,5.4,5.4,False
batch1,batch1_021,559.0,5.4C(80%)-5.4C,5.4,558,100,1.082226497979798,1.081284341414141,0.0150902362346938,33.13697371135654,36.94892544444445,30.249985080808084,8.987271380471348,0.0004463360322465,-3.3503380515995875,0.0306575771127106,-0.0647202627657549,442.0,-0.0001990790092106,-0.0009057587947826,80.0,5.4,5.4,False
batch1,batch1_022,891.0,6C(30%)-3.6C,6.0,890,100,1.082979815151515,1.0827749171717174,0.0165919733030303,32.843912838773846,36.64192422222223,30.04068875757575,11.46291215488218,0.0001116429559894,-3.952168673142781,0.0147163713132086,-0.0321471440089913,657.0,-5.439328073453295e-05,-0.000330200634135,30.0,3.6,4.5,False
batch1,batch1_023,1014.0,6C(30%)-3.6C,6.0,1013,100,1.0824610575757576,1.082351921212121,0.0168240025858585,31.990774547174937,34.8727843939394,29.80944408080807,11.458691784511789,9.103457241110652e-05,-4.0407936433278895,0.0133406205123602,-0.0299535169317572,772.0,-6.305563503289964e-05,-0.0005947434512244,30.0,3.6,4.5,False
batch1,batch1_024,1017.0,6C(40%)-3C,6.0,1016,100,1.0780331868686868,1.0779243464646466,0.0165874488888888,33.378063951824195,36.866496545454545,30.49927661616162,12.128487205387223,0.0001151694986635,-3.938662523656534,0.0138735070132826,-0.0318421340978982,757.0,-6.377940613454029e-05,-0.0005399251599931,40.0,3.0,4.5,False
batch1,batch1_025,854.0,6C(40%)-3C,6.0,853,100,1.078847887878788,1.0782877686868686,0.0165961417979797,33.848557073949294,37.990239878787875,30.579572131313135,12.137498080808076,9.378020536805894e-05,-4.027888820540259,0.0124061930528873,-0.0294411728905654,612.0,-6.637046163352816e-05,-0.0006200870461224,40.0,3.0,4.5,False
batch1,batch1_026,870.0,6C(40%)-3.6C,6.0,869,100,1.090574287878788,1.0905738262626266,0.0162854918383838,33.15641406115227,36.41381293939394,30.38804886868687,10.800664208754243,0.0001602433454256,-3.795219996785343,0.0178501571256248,-0.0383544536324539,652.0,-7.153953573037996e-05,-0.0007137890680761,40.0,3.6,4.8,False
batch1,batch1_027,842.0,6C(40%)-3.6C,6.0,841,100,1.0820360393939394,1.0820815363636365,0.0160989066666666,33.89497000372245,37.51131004040405,30.730024525252528,10.803712340067364,0.0001400544137433,-3.8537032000559392,0.0155276625638258,-0.0358321196463462,637.0,-6.8774413432695e-05,-0.0007125073252613,40.0,3.6,4.8,False
batch1,batch1_028,860.0,6C(50%)-3C,6.0,859,100,1.0806956292929295,1.0798740373737374,0.0166800375454545,33.773800525042,37.491157878787874,30.628645454545445,11.13825358585859,0.0001429842469732,-3.844711807496199,0.0166981227551627,-0.0372134803197419,627.0,-6.813694549923132e-05,-0.0006681272712765,50.0,3.0,4.875,False
batch1,batch1_029,917.0,6C(50%)-3C,6.0,916,100,1.0827828212121215,1.0825825171717172,0.0165455236262626,32.70415601771739,35.399409909090906,30.43108034343434,11.151875336700314,0.0001451170011316,-3.8382817049630766,0.016607171177101,-0.0368684498819182,682.0,-7.093458453795208e-05,-0.0006350121688251,50.0,3.0,4.875,False
batch1,batch1_030,709.0,6C(50%)-3.6C,6.0,708,100,1.082823717171717,1.082604001010101,0.0160094262525252,33.54008830692456,36.797617333333335,30.651611080808085,10.124524292929314,0.0001800117202166,-3.744699217898308,0.0177191221668012,-0.0408153850243965,552.0,-7.720064657484859e-05,-0.0009814606895161,50.0,3.6,5.1,False
batch1,batch1_031,876.0,6C(50%)-3.6C,6.0,875,100,1.0970684050505053,1.0967882626262626,0.0168655661414141,30.375396745150567,30.709141161616163,30.009055646464653,10.126957558922545,0.0001668273978984,-3.777732624088043,0.0180051933472254,-0.0394782064842472,672.0,-7.320530712352983e-05,-0.000785474048432,50.0,3.6,5.1,False
batch1,batch1_032,731.0,6C(60%)-3C,6.0,730,100,1.0806714494949494,1.0802991686868688,0.0161670642525252,33.08050304573433,36.23561784848484,30.377384848484855,10.129902676767715,0.000225702569302,-3.6464634970703615,0.0207302738370073,-0.0455662852625746,547.0,-7.962452914465598e-05,-0.000840284311522,60.0,3.0,5.25,False
batch1,batch1_033,757.0,6C(60%)-3C,6.0,756,100,1.0954916464646465,1.0950465656565656,0.0164837756565656,33.67169761442224,37.731304424242424,30.36514987878788,10.129993047138068,0.0002152496244542,-3.6670575975866417,0.021651569301358,-0.0449017812116827,557.0,-8.512937223587112e-05,-0.0008256987438086,60.0,3.0,5.25,False
batch1,batch1_034,742.0,7C(30%)-3.6C,7.0,741,100,1.0800699888888887,1.080049704040404,0.016855197080808,32.66455167507312,36.08252629292929,29.988331222222225,11.035507962962974,0.0001417045655742,-3.848616157008837,0.0160903403948189,-0.0372181417488076,582.0,-7.083360765771092e-05,-0.0009459555762463,30.0,3.6,4.875,False
batch1,batch1_035,703.0,7C(30%)-3.6C,7.0,702,100,1.0745076737373735,1.074457304040404,0.0169670922929292,32.09733437854189,34.87752171717172,29.81301455555556,11.036444074074083,0.0001688084508574,-3.77260581559603,0.018223341654084,-0.0391520343350484,522.0,-6.710304155553074e-05,-0.0008462964179706,30.0,3.6,4.875,False
batch1,batch1_036,704.0,7C(40%)-3C,7.0,703,100,1.0812765595959597,1.081064185858586,0.0164377462626262,32.04688205693082,33.970878757575754,30.278352737373737,11.554803670033683,0.0002140418309783,-3.669501342595944,0.0210423508580267,-0.0446214059612219,527.0,-7.663187912087905e-05,-0.0008824215441441,40.0,3.0,5.0,False
batch1,batch1_037,648.0,7C(40%)-3C,7.0,647,100,1.0780300424242424,1.077913713131313,0.016546422020202,32.95969887229894,36.05156987878788,30.246154101010102,11.56145520202023,0.000211865921671,-3.673938893314921,0.0194368246349165,-0.0445447849576301,487.0,-8.495311895118867e-05,-0.0009209778736631,40.0,3.0,5.0,False
batch1,batch1_038,617.0,7C(40%)-3.6C,7.0,616,100,1.075801506060606,1.0758947444444444,0.0162120569696969,33.69474656343401,37.29856363636363,30.44186774747475,10.231588400673418,0.0003689366724831,-3.4330481735466756,0.026767017827493,-0.0564155969469958,472.0,-8.35150791460476e-05,-0.0010603480704433,40.0,3.6,5.3,False
batch1,batch1_039,625.0,7C(40%)-3.6C,7.0,624,100,1.0856589989898993,1.0856706424242424,0.0166911045555555,33.50643317156701,37.40386024242424,30.338561797979796,10.242025976430943,0.0003129437479421,-3.5045337204530713,0.024440041487006,-0.0531439540918114,472.0,-8.428046736264225e-05,-0.0010674992637096,40.0,3.6,5.3,False
batch1,batch1_040,966.0,8C(15%)-3.6C,8.0,965,100,1.086929977777778,1.087122691919192,0.0166792732121212,33.45968416375564,37.756139949494944,30.277771616161615,12.08722432659934,8.806174658415387e-05,-4.0552127051547355,0.0126288078477035,-0.0290957088162858,692.0,-6.618428038147146e-05,-0.0005425229244588,15.0,3.6,4.425,False
batch1,batch1_041,1051.0,8C(15%)-3.6C,8.0,1050,100,1.082886786868687,1.0829608636363637,0.0167448905050505,33.07332253245542,36.823245303030305,30.24096153535354,12.091290892255914,8.48176100238975e-05,-4.071513969179501,0.0123591032870353,-0.028506291359022,802.0,-6.586358689792623e-05,-0.0005774365661464,15.0,3.6,4.425,False
batch1,batch1_042,702.0,8C(25%)-3.6C,8.0,701,100,1.083889183838384,1.0839663565656563,0.0167156228383838,33.58506724391689,37.673212,30.352109616161624,11.17812432659938,0.0002158461043174,-3.6658557852690015,0.0205992102528132,-0.0447096457287301,497.0,-7.378798466295865e-05,-0.0007971692865853,25.0,3.6,4.975,False
batch1,batch1_043,651.0,8C(25%)-3.6C,8.0,650,100,1.070522194949495,1.070406282828283,0.0161048555656565,33.339782658681436,36.82060524242424,30.253967161616156,11.17782324915825,0.000214892336711,-3.667779071634814,0.0191656267784761,-0.0446058901526373,487.0,-7.93867750631168e-05,-0.0009082633830213,25.0,3.6,4.975,False
batch1,batch1_044,616.0,8C(35%)-3.6C,8.0,615,100,1.0868420717171718,1.0868229828282827,0.0174138499696969,32.55333216968652,35.79095866666666,29.951694818181817,10.258049427609436,0.0003795770928016,-3.42070000480644,0.029329092901317,-0.0587970716540376,427.0,-8.995814442055712e-05,-0.0008807572716927,35.0,3.6,5.525,False
batch1,batch1_045,599.0,8C(35%)-3.6C,8.0,598,100,1.0871594505050506,1.086926824242424,0.0166742515858585,33.000547391096504,36.69642807070707,29.91254707070707,10.257274326599305,0.0003755845892835,-3.425292235698853,0.0288716110483485,-0.0594035099161143,432.0,-8.98905062502954e-05,-0.000986468512605,35.0,3.6,5.525,False
batch2,batch2_000,477.0,5.2C(58%)-4C,5.2,496,100,1.105038492,1.0961462670000002,0.01733813236,31.807497385473816,35.36194140015722,29.825043061829287,10.173261300000108,0.0003256380937,-3.4872647963011447,0.025801000173386,-0.055061277717081,381.0,-0.0001081766061517,-0.0019533553821739,58.0,4.0,4.87,False
batch2,batch2_001,491.0,5.6C(26%)-4.5C,5.6,513,100,1.10494644,1.1459148739999998,0.01755915909,33.59830289682961,36.44809667816464,30.607358352831707,10.19907416666656,0.0005034410615908,-3.2980513654760366,0.0355992706842516,-0.0661147205894651,381.0,-0.000187704056596,-0.0014652091257631,26.0,4.5,4.8575,False
batch2,batch2_002,424.0,5.2C(50%)-4.25C,5.2,439,100,1.0746560542,1.0671372339999998,0.01646341462,33.17756576063981,37.427644510910824,30.782682632197737,10.175027650000056,0.0003465386146452,-3.4602483651128177,0.025013386420214,-0.0527178185440413,346.0,-0.000124927742784,-0.0019815254894736,50.0,4.25,4.84375,False
batch2,batch2_003,499.0,4.65C(44%)-5C,4.65,517,100,1.101432267,1.0940659629999998,0.01591692555,33.93958543884461,38.77312907194259,30.82710532135222,10.173197350000049,0.0003189752621457,-3.496242996974693,0.0200898829186987,-0.0558684526115137,391.0,-0.0001489215417493,-0.0015656974362393,44.0,5.0,4.8075,False
batch2,batch2_004,444.0,4.65C(69%)-6C,4.65,464,100,1.0859578399999998,1.0845371780000002,0.01619582082,33.05027186948681,37.43383570894893,30.41205445084792,10.231934299999953,0.0005854545529657,-3.232506812226559,0.034792869133158,-0.0702972069008408,341.0,-0.000175779146658,-0.0014760054907692,69.0,6.0,4.835625,False
batch2,batch2_005,416.0,3.6C(30%)-6C,3.6,445,100,1.088025367,1.084104158,0.0153065824999999,33.01550370431462,37.64690458017922,30.5029328023874,10.19850721666668,0.0008205749892219,-3.085881724279185,0.0464859422029716,-0.0861500284792774,296.0,-0.0002859444722384,-0.0011635233245828,30.0,6.0,5.1,False
batch2,batch2_006,393.0,3.6C(9%)-5C,3.6,409,100,1.092913134,1.084819962,0.01604186506,33.81745006948466,39.79549926626684,30.491173015965913,10.179292016666745,0.0002950939552921,-3.53003968650195,0.0208296304640717,-0.0498724789374046,286.0,-0.0001363762094892,-0.00157984852,9.0,5.0,4.842499999999999,False
batch2,batch2_010,492.0,4.8C(80%)-4.8C,4.8,519,100,1.1111485095999998,1.100084202,0.01706057563,31.720671317513244,34.35420149165315,29.963325235331464,10.169517366666604,0.0003540787689973,-3.4509001132975605,0.0295202962995694,-0.0558024498619833,361.0,-9.238274969451324e-05,-0.0015168294831378,80.0,4.8,4.8,False
batch2,batch2_011,449.0,5.2C(50%)-4.25C,5.2,468,100,1.101019946,1.0923784490000004,0.01721904361,33.14963101101539,37.949925321805395,30.64642271996024,10.17388110000002,0.000327044446642,-3.485393220979881,0.0240126334676137,-0.0548987559471969,351.0,-4.42730774210498e-05,-0.0020720199321739,50.0,4.25,4.84375,False
batch2,batch2_012,466.0,4.65C(44%)-5C,4.65,493,100,1.1041123279999998,1.092217788,0.0165294125499999,31.316793895936517,33.597951965213426,30.024718101018316,10.17485430000005,0.0006792531042316,-3.1679683681509765,0.0393981179491454,-0.0773312434486568,331.0,-0.0001531395192568,-0.0013231236266711,44.0,5.0,4.8075,False
batch2,batch2_013,460.0,4.65C(69%)-6C,4.65,483,100,1.094944933,1.0919116059999998,0.01607549433,31.948019425910115,35.06856349287113,30.131328697947843,10.2140922166666,0.0004524309203412,-3.3444477218838284,0.0340711644984118,-0.0646744884060953,351.0,-0.0001269015109789,-0.0015970981684981,69.0,6.0,4.835625,False
batch2,batch2_014,426.0,3.6C(30%)-6C,3.6,461,100,1.079302612,1.0755341188,0.0162701026,32.124753255414234,35.20006219179895,30.38301359940932,49.482795350000096,0.0007611671443129,-3.118519966248836,0.0445557645103633,-0.0837144352028476,336.0,-0.000209634951712,-0.0015315676694017,30.0,6.0,5.1,False
batch2,batch2_017,471.0,5.6C(26%)-4.5C,5.6,494,100,1.093877117,1.120628271,0.01709369671,32.98821355652246,34.74856366071168,30.882295758144373,10.181189350000093,0.000315977291098,-3.500344128474038,0.0243463403874459,-0.0525623965755335,346.0,-0.0001789299627329,-0.0012382835724137,26.0,4.5,4.8575,False
batch2,batch2_018,449.0,5.2C(50%)-4.25C,5.2,467,100,1.082437682,1.0775954010000002,0.01664831154,32.88628935898336,36.39882808811051,30.679540085829203,10.174147266666704,0.0001961992142789,-3.707302736176298,0.0166416482643709,-0.0397456691043013,366.0,-0.0001260009962359,-0.0018787994181818,50.0,4.25,4.84375,False
batch2,batch2_019,392.0,6C(60%)-3C,6.0,411,100,1.09472128,1.087750816,0.01671897276,32.76991201802439,36.54390200243137,30.491892507845165,10.173766266666714,0.0005105543672328,-3.291958004542694,0.0343105169987194,-0.0656517508735375,306.0,-0.0001185565441565,-0.0020347770643704,60.0,3.0,5.25,False
batch2,batch2_020,489.0,5.2C(58%)-4C,5.2,506,100,1.10005656,1.0899177372,0.0166120606699999,33.62225921545461,36.887813024693614,31.431779664897217,49.397125683333336,0.0003619883290668,-3.441305431410401,0.0244351394515884,-0.0605040880380607,396.0,-2.7749415774099097e-05,-0.0021836106778656,58.0,4.0,4.87,False
batch2,batch2_021,408.0,6C(60%)-3C,6.0,426,100,1.1010897552,1.09501857,0.01720174435,33.59820005445401,38.6518784788995,30.63038708969325,10.174718300000022,0.0004713254868518,-3.326679075199306,0.0332885526110049,-0.064467582043982,306.0,-0.0001077613886832,-0.0018514380461538,60.0,3.0,5.25,False
batch2,batch2_022,,VarCharge-2C-100cycles,2.0,920,100,1.1020667873,1.105452593,0.021770682,34.502712698156095,38.13150976710858,31.25702994854722,33.57274644999992,2.2847111406387513e-05,-4.641168700608011,0.0045528583595219,-0.0067791693229939,242.0,-2.8185397788610935e-05,-2.933684919612633e-05,,,,False
batch2,batch2_023,,VarCharge-4C-100cycles,4.0,1152,100,1.0961362059,1.111939897,0.0211608889999999,34.14729364226761,35.52716849132356,31.649074490058027,21.6917311,4.4029699642585154e-05,-4.356254277157163,0.0116945203723536,-0.0192175664913609,917.0,-6.463892709513494e-05,-0.0002250277321407,,,,False
batch2,batch2_024,514.0,4.8C(80%)-4.8C,4.8,536,100,1.096261652,1.087133595,0.01651723855,33.205124014909316,38.16546466536514,30.265560283329513,10.169994666666671,0.0002286202692677,-3.6408852680750527,0.0227734872968341,-0.0457299743253289,396.0,-8.862226777020474e-05,-0.0015524056320197,80.0,4.8,4.8,False
batch2,batch2_025,493.0,5.2C(58%)-4C,5.2,511,100,1.102206125,1.0925132629999998,0.01674229199,32.23892710270436,34.441815154393964,30.6277075122937,10.172937516666645,0.0002920936192579,-3.5344779300217333,0.0236109824444173,-0.0505084648903096,401.0,-4.90258866619769e-05,-0.0021358961897233,58.0,4.0,4.87,False
batch2,batch2_026,450.0,5.6C(26%)-4.5C,5.6,476,100,1.1041737820000002,1.156746905,0.01770844381,33.76445582326918,36.92304607129649,30.617511580478908,49.42568144999996,0.0005997170447101,-3.2220536077932804,0.0380385416540002,-0.0733087791289827,351.0,-0.0001964824360073,-0.0016635849993162,26.0,4.5,4.8575,False
batch2,batch2_027,474.0,5.2C(50%)-4.25C,5.2,493,100,1.098470285,1.088072343,0.01758962648,33.303981946117254,38.082671612305006,30.52287757751509,10.174639799999882,0.0003264347368865,-3.48620363289781,0.0246839278022425,-0.0544912575606593,376.0,-4.642870953058724e-05,-0.0020259579230434,50.0,4.25,4.84375,False
batch2,batch2_028,437.0,4.8C(80%)-4.8C,4.8,456,100,1.094977019,1.0818102211,0.01628117509,32.14418070388791,35.3302582161644,30.272878608768973,49.409072166666576,0.0003772148929015,-3.4234111691232063,0.0279893325926623,-0.0564913867827732,331.0,-0.0001428834079949,-0.001627954731282,80.0,4.8,4.8,False
batch2,batch2_029,452.0,5.2C(58%)-4C,5.2,470,100,1.109943851,1.098037644,0.01673359061,31.797456695109688,34.43331396225578,30.214310577836617,10.173061883333313,0.0003102785983552,-3.5082481790944344,0.0253222323765719,-0.0526335295361444,351.0,-5.082797183098509e-05,-0.0020401394195652,58.0,4.0,4.87,False
batch2,batch2_030,412.0,5.6C(26%)-4.5C,5.6,429,100,1.092999151,1.1458711028000002,0.0168940669499999,33.81003990939852,37.33979500154215,30.364018950735986,49.43361824999998,0.0006525149114268,-3.1854095592748743,0.039656648307973,-0.0755230365113099,331.0,-0.0001885692602024,-0.0018475605691729,26.0,4.5,4.8575,False
batch2,batch2_031,425.0,5.6C(26%)-4.5C,5.6,446,100,1.099834485,1.1581067390000002,0.01633070732,33.375923495204454,35.648417823524284,31.050826015479252,10.194311699999949,0.0004442640470427,-3.35235883148731,0.0307385726230291,-0.0642288335820835,331.0,-0.000199885331385,-0.00169907076,26.0,4.5,4.8575,False
batch2,batch2_032,809.0,4.8C(80%)-4.8C-newstructure,4.8,834,100,1.090031214,1.079458911,0.01481114372,32.16783240841186,33.94412444996172,30.536394337534645,49.27513175000007,7.388118368069333e-05,-4.131466155166347,0.0133899398336471,-0.0274612065130356,641.0,-9.456340951748764e-05,-0.000913001125506,80.0,4.8,4.8,False
batch2,batch2_033,1140.0,5.2C(58%)-4C-newstructure,5.2,1190,100,1.0706076800000002,1.0701545980000002,0.01499290727,32.73895611525105,34.29814806747137,31.026488085928023,10.039557949999924,5.866400117176798e-05,-4.23162831933775,0.0116426516657693,-0.0240847421362162,926.0,-5.836651485917872e-05,-0.0006696400435413,58.0,4.0,4.87,False
batch2,batch2_034,1186.0,5.6C(26%)-4.5C-newstructure,5.6,1252,100,1.0671250090000002,1.0635697586,0.01495435383,35.66583614425341,38.96627418693022,31.815152342144852,49.2812586666667,3.5597117054099105e-05,-4.448585173324752,0.0082026970220624,-0.0191429496439993,961.0,-6.078980767470155e-05,-0.0006026620824079,26.0,4.5,4.8575,False
batch2,batch2_035,,VarCharge-6C-100cycles,6.0,423,100,1.0565366316,1.0623560490000004,0.0206665209999999,36.50175433149703,38.37067410825434,32.800903726614386,17.612362249999997,0.0006040752455982,-3.2189089608610653,0.0448459489358081,-0.0757084076580606,297.0,-0.0003046275632879,-0.0006632660690598,,,,False
batch2,batch2_036,,VarCharge-8C-100cycles,8.0,280,100,1.0434052236999998,1.051366884,0.02033557,38.55935886221206,41.3871334539639,33.33859524680303,16.29528071666668,0.0020657710680016,-2.6849178093471577,0.0844288147244968,-0.1360257368450053,112.0,-0.0006985188461029,-0.0007109945640947,,,,False
batch2,batch2_037,,3.6C(80%)-3.6C(SLOWCYCLE,3.6,101,100,1.0950189059000002,1.094061233,0.01724251618,32.929452048618025,38.0085816232,30.25270794675771,18.172783016666813,1.695856550878882e-05,-4.770610886629153,0.0029833160464743,-0.0286817433780755,,,,80.0,3.6,3.6,False
batch2,batch2_038,,4.8C(80%)-4.8C(SLOWCYCLE,4.8,101,100,1.09488241,1.09211231,0.01658825556,36.68485345959224,400.0,,14.869877166666718,6.0904550971894e-05,-4.215350254359975,0.0131482097119456,-0.036149525403572,,,,80.0,4.8,4.8,False
batch2,batch2_039,,3.6C(9%)-5C(SLOWCYCLE,3.6,434,100,1.0818235189999998,1.0794309440000005,0.01681359783,32.88418677825157,37.61655951405202,30.175121973489603,14.875160683333265,0.0004339268330283,-3.3625834932774885,0.0345530196501599,-0.0609517978351833,292.0,-0.0001602244192153,-0.0009310838980295,9.0,5.0,4.842499999999999,False
batch2,batch2_040,,5.2C(58%)-4C(SLOWCYCLE,5.2,459,100,1.096316141,1.092865426,,32.467598204820945,36.69653803638811,30.064793329462777,54.10118255000003,0.0002514390480151,-3.5995672762895525,0.0254758308282517,-0.0481632102205803,322.0,-0.0001592049782606,-0.0010414871959496,58.0,4.0,4.87,False
batch2,batch2_041,442.0,5.6C(26%)-4.5C,5.6,463,100,1.105940476,1.1622809492,,30.20099354305731,32.73893316284874,29.218635552767186,49.423369649999984,0.0006724100406155,-3.1723658101769976,0.0377682914957012,-0.0809310492448376,336.0,-0.0001474366988586,-0.0017110732464957,26.0,4.5,4.8575,False
batch2,batch2_042,474.0,5.2C(50%)-4.25C,5.2,497,100,1.1070860530000002,1.0934143050000005,,31.71041325336692,35.56989042695383,29.68803081683075,10.175117383333331,0.0003291640157368,-3.482587648007536,0.0293407149263684,-0.0541676249706457,351.0,-5.098518834747663e-05,-0.0016906552749721,50.0,4.25,4.84375,False
batch2,batch2_043,1029.0,4.8C(80%)-4.8C-newstructure,4.8,1061,100,1.098649702,1.0896777130000002,,33.91860336356293,36.959106807008,30.858251918038107,10.036757000000032,5.3483284647826735e-05,-4.271781928623568,0.0087937144658571,-0.0191648421122405,836.0,-5.240569640409448e-05,-0.0009288375847055,80.0,4.8,4.8,False
batch2,batch2_044,841.0,5.2C(58%)-4C-newstructure,5.2,874,100,1.09763018,1.088652449,,33.956934554468496,36.87556475443348,30.996439284497846,49.26516493333332,4.3199281110227894e-05,-4.36452348032534,0.0087608953225246,-0.0203022776205166,696.0,-4.268653299968605e-05,-0.0013397188593307,58.0,4.0,4.87,False
batch2,batch2_045,997.0,5.6C(26%)-4.5C-newstructure,5.6,1027,100,1.10123867,1.0939449640000003,,35.27071288818467,37.86716134641493,32.53611370150211,10.040191283333298,6.680132101075869e-05,-4.175214949171005,0.0111630662928567,-0.0266704187870865,771.0,-4.5299454857601726e-05,-0.0008351446991803,26.0,4.5,4.8575,False
batch2,batch2_046,503.0,4.8C(80%)-4.8C,4.8,523,100,1.1025293669999998,1.0928841054,,29.88032329687331,31.00932954761403,28.938430347930016,49.40651875000001,0.000309830998892,-3.5088751328187,0.0230495166997201,-0.0528624050082824,396.0,-0.0001469658393378,-0.0016240907596581,80.0,4.8,4.8,False
batch3,batch3_000,1009.0,5C(67%)-4C-newstructure,5.0,1008,100,1.070348299,1.070004798,0.01523784218,32.194399649744255,33.5588901505872,30.85547991599191,10.042618066666668,5.687024898905241e-05,-4.245114870317645,0.0101107364520587,-0.0233116574274743,801.0,-5.710895013476994e-05,-0.0006532631033141,67.0,4.0,4.8375,False
batch3,batch3_001,1063.0,5.3C(54%)-4C-newstructure,5.3,1062,100,1.0676866939999998,1.067285626,0.0149863964799999,34.83064985952504,37.98597183780659,31.576434763047924,10.04138999999994,5.181521321780508e-05,-4.28554271039912,0.0096210189293608,-0.0223241775540682,846.0,-5.586511690119922e-05,-0.0006449730267089,54.0,4.0,4.8774999999999995,False
batch3,batch3_003,1115.0,5.6C(36%)-4.3C-newstructure,5.6,1114,100,1.064629226,1.0639872339999998,0.0149994498499999,36.08627496168611,39.44593354194349,32.171123894967494,10.041506500000024,7.645259474220121e-05,-4.116607770381197,0.0107208378973826,-0.0268366147351127,886.0,-5.4172951559010165e-05,-0.0005911981665124,36.0,4.3,4.885,False
batch3,batch3_004,1048.0,5.6C(19%)-4.6C-newstructure,5.6,1047,100,1.074509803,1.074120653,0.0151307879299999,32.116221938163385,32.98179311458605,31.17282149149544,10.04558156666669,6.630317519564988e-05,-4.178465673149821,0.0101064388689067,-0.024810275761238,816.0,-6.196800738191419e-05,-0.0006065721891766,19.0,4.6,4.8374999999999995,False
batch3,batch3_005,828.0,5.6C(36%)-4.3C-newstructure,5.6,827,100,1.053126149,1.052611474,0.01518448037,35.55673795797331,39.68760790232446,32.254503564794796,10.042033966666736,7.683799523990656e-05,-4.114423974726586,0.0115110146761396,-0.0254450982463654,656.0,-7.708509026851021e-05,-0.0006701214324929,36.0,4.3,4.885,False
batch3,batch3_006,667.0,3.7C(31%)-5.9C-newstructure,3.7,666,100,1.053842363,1.0535394770000002,0.0137285242899999,34.106830623582404,36.9848547328634,31.417573055289672,10.080800200000038,0.0002980518398608,-3.5257081929454923,0.0285833754302791,-0.0532016465912453,466.0,-0.0002091555730655,-0.0003936831679442,31.0,5.9,5.0475,False
batch3,batch3_007,1836.0,4.8C(80%)-4.8C-newstructure,4.8,1835,100,1.070140345,1.069989134,0.01542963463,32.796573540122225,34.274365488315254,31.24740423221992,11.040715933333365,3.2453221357996856e-05,-4.488742187967907,0.0070860304726872,-0.0170590218350703,1426.0,-4.1263767115761255e-05,-0.0003072285150901,80.0,4.8,4.8,False
batch3,batch3_008,828.0,5C(67%)-4C-newstructure,5.0,827,100,1.067962636,1.067987935,0.01525563959,33.054603185105975,35.07631520700576,31.2604148128064,10.043265533333384,8.094615840627263e-05,-4.091803757442373,0.0118063923009216,-0.0268489706128323,656.0,-6.547526877702457e-05,-0.0007811886739495,67.0,4.0,4.8375,False
batch3,batch3_009,1039.0,5.3C(54%)-4C-newstructure,5.3,1038,100,1.072814416,1.0725564120000002,0.01579997208,33.087905551872936,35.094569899072255,31.303494031086696,10.041160733333347,0.0001041604978476,-3.982296953008088,0.014478011810756,-0.0295752747869662,826.0,-5.067620351027104e-05,-0.000675932206282,54.0,4.0,4.8774999999999995,False
batch3,batch3_010,1078.0,4.8C(80%)-4.8C-newstructure,4.8,1077,100,1.0643435529999998,1.064015024,0.01537472673,32.534149378796045,34.79030485135325,30.686842227680348,11.039600116666676,3.878323894759448e-05,-4.4113559240265765,0.0083351835824898,-0.0190930258852295,856.0,-5.327263393092838e-05,-0.0006430357918313,80.0,4.8,4.8,False
batch3,batch3_011,817.0,5.6C(19%)-4.6C-newstructure,5.6,816,100,1.069802646,1.0696456160000003,0.01552572104,34.2024404879238,37.60510592572477,31.36979369280388,10.042450400000046,0.0001303403357952,-3.884921164468091,0.0156469782026673,-0.034087374997818,641.0,-8.380222787149699e-05,-0.0007293253009009,19.0,4.6,4.8374999999999995,False
batch3,batch3_012,932.0,5.6C(36%)-4.3C-newstructure,5.6,931,100,1.076303704,1.076095104,0.01604917654,33.219414908227094,35.53857274944269,31.227008252970094,10.042451699999964,0.0001130342411889,-3.9467899768101886,0.0153148930636195,-0.0317349217881972,741.0,-5.851515592088464e-05,-0.0007602727214574,36.0,4.3,4.885,False
batch3,batch3_013,816.0,5.6C(19%)-4.6C-newstructure,5.6,815,100,1.0686685349999998,1.0685753340000002,0.01512986131,34.11454602993669,37.22804076197745,31.32236126459004,10.042356366666644,8.045138308284514e-05,-4.094466485311571,0.0117654801974339,-0.0276460839609007,626.0,-8.372047625192163e-05,-0.0006512885187657,19.0,4.6,4.8374999999999995,False
batch3,batch3_014,858.0,5.6C(36%)-4.3C-newstructure,5.6,857,100,1.0769619220000002,1.0764499849999998,0.01555350093,33.1189634917196,35.485201171755136,31.07161611610717,10.041865466666687,0.0001000765453483,-3.999667694941731,0.0132142476910731,-0.0292823603627372,671.0,-6.908820698512414e-05,-0.0007267955149359,36.0,4.3,4.885,False
batch3,batch3_015,876.0,5.9C(15%)-4.6C-newstructure,5.9,875,100,1.07051888,1.070542118,0.0153073857799999,33.50890495011492,36.80312790291116,30.876434652942404,10.04163998333339,9.984253014088351e-05,-4.000684421929468,0.0133639385628543,-0.0294843450023362,671.0,-7.648876746592872e-05,-0.0006166571412891,15.0,4.6,4.84375,False
batch3,batch3_016,1638.0,4.8C(80%)-4.8C-newstructure,4.8,1637,100,1.063479291,1.0634140279999995,0.0153126160699999,34.940582146689,37.831863057962785,31.981446418359923,11.040743116666665,2.020628622431914e-05,-4.694513499472995,0.0056527599490907,-0.0134519956396188,1301.0,-4.6475182276252446e-05,-0.0003645697165705,80.0,4.8,4.8,False
batch3,batch3_017,1315.0,5.3C(54%)-4C-newstructure,5.3,1314,100,1.06703041,1.066229346,0.0154448375099999,35.0701249907806,37.39966894768936,32.45378993939039,10.042114583333325,3.633180045384266e-05,-4.439713079764758,0.0077288199909553,-0.0178823915504138,1026.0,-5.204038493682991e-05,-0.0004570930928358,54.0,4.0,4.8774999999999995,False
batch3,batch3_018,1146.0,5.6C(19%)-4.6C-newstructure,5.6,1145,100,1.068854892,1.068729393,0.01501670906,35.2895491601317,37.9685961949252,32.392387949883634,10.04312064999998,5.571190370898626e-05,-4.254052001185467,0.0103422572436678,-0.0234557699816599,906.0,-6.073295867484313e-05,-0.0005641815747937,19.0,4.6,4.8374999999999995,False
batch3,batch3_019,1155.0,5.6C(36%)-4.3C-newstructure,5.6,1154,100,1.072699883,1.072389484,0.0154649055099999,35.096922678438716,37.8743819389224,32.12025395060832,10.04319876666662,6.730667325120848e-05,-4.171941874669042,0.0115456309997419,-0.0252936577042025,906.0,-5.958643749620553e-05,-0.0005595107811284,36.0,4.3,4.885,False
batch3,batch3_020,813.0,5C(67%)-4C-newstructure,5.0,812,100,1.067413169,1.066882806,0.0152651037,33.10117160343903,35.73575315343805,30.85142678063726,10.043364750000022,8.583320053473407e-05,-4.066344693269561,0.0119193833873199,-0.0280719935724769,646.0,-6.302569241949873e-05,-0.0008464080734912,67.0,4.0,4.8375,False
batch3,batch3_021,772.0,3.7C(31%)-5.9C-newstructure,3.7,771,100,1.0620371939999995,1.0618205179999998,0.01409146368,34.89763562513402,37.91789788915317,32.05628432802865,10.07912276666667,0.0001975483079849,-3.704326685729231,0.0235446764403337,-0.0432761485780055,601.0,-0.0001543890088408,-0.0004711413299719,31.0,5.9,5.0475,False
batch3,batch3_022,1002.0,5.9C(60%)-3.1C-newstructure,5.9,1001,100,1.0581246559999995,1.057963636,0.01568802504,34.60869711791826,37.530657648574746,31.639525110491633,10.042560166666604,8.977958692912617e-05,-4.046822397094466,0.0137225505163629,-0.02840932971863,796.0,-4.9367259433962835e-05,-0.0005962977449963,60.0,3.1,5.2,False
batch3,batch3_024,825.0,5C(67%)-4C-newstructure,5.0,824,100,1.050388327,1.050402347,0.01555621234,34.68692543774402,37.23479966727514,32.08889435317624,10.041844149999976,6.994312062017459e-05,-4.155254994876533,0.010345482795288,-0.0247723986145858,656.0,-6.667402007153106e-05,-0.000680550796333,67.0,4.0,4.8375,False
batch3,batch3_025,989.0,5.3C(54%)-4C-newstructure,5.3,988,100,1.064775079,1.064620768,0.015643412,35.58083474119666,38.88370920104618,32.23579033926356,10.042412550000016,7.135743905511085e-05,-4.1465607447332715,0.0109258216461676,-0.0265762492097603,786.0,-5.509567455764305e-05,-0.0006640599865853,54.0,4.0,4.8774999999999995,False
batch3,batch3_026,1028.0,5.6C(19%)-4.6C-newstructure,5.6,1027,100,1.075070867,1.074914465,0.0155948014799999,35.744145079440855,39.13868450818955,32.32431359464034,10.04228274999997,6.032434097872005e-05,-4.219507413901045,0.0101487083470511,-0.0241791392678879,796.0,-6.057760365416843e-05,-0.0006148799789546,19.0,4.6,4.8374999999999995,False
batch3,batch3_027,850.0,5.6C(36%)-4.3C-newstructure,5.6,849,100,1.063664561,1.0635103569999995,0.01492139064,35.30704053711157,38.44326739483011,32.16880800912374,10.04501170000002,7.410844302086189e-05,-4.130132310934438,0.0107541384013529,-0.0266002908070785,676.0,-7.064859984392025e-05,-0.0007401592190476,36.0,4.3,4.885,False
batch3,batch3_028,541.0,3.7C(31%)-5.9C-newstructure,3.7,540,100,1.044589539,1.044600548,0.01341840246,35.69503585363536,39.55881069772407,32.29233297827839,10.088379333333394,0.0003534614925326,-3.451657893017001,0.0302595764323368,-0.0578311205506406,376.0,-0.0002336358369274,-0.0004782079608957,31.0,5.9,5.0475,False
batch3,batch3_029,858.0,5.9C(15%)-4.6C-newstructure,5.9,857,100,1.070447271,1.070340384,0.01482580993,31.26277010223316,31.681289998175465,30.833177453100657,10.0419695333333,8.638212824469724e-05,-4.0635761002012085,0.0113773183952448,-0.0289214751611649,666.0,-7.825436309566244e-05,-0.0006731003896761,15.0,4.6,4.84375,False
batch3,batch3_030,935.0,5.3C(54%)-4C-newstructure,5.3,934,100,1.071663629,1.071328842,0.01557456206,32.242770445878016,33.955655894480245,30.733759785001222,10.04344528333331,7.939158148811134e-05,-4.1002255467806545,0.0111532808771506,-0.0267371697557434,741.0,-5.565617557017414e-05,-0.0007016446603238,54.0,4.0,4.8774999999999995,False
batch3,batch3_031,731.0,5.9C(60%)-3.1C-newstructure,5.9,730,100,1.070766659,1.070722166,0.01587661182,33.99934624579011,36.77289772500682,31.31311219028895,10.04570423333328,0.0001446761604603,-3.8396030254357143,0.0163581992464132,-0.0356194097392656,576.0,-6.894693300718104e-05,-0.000906731957258,60.0,3.1,5.2,False
batch3,batch3_033,1284.0,5C(67%)-4C-newstructure,5.0,1283,100,1.0621317549999998,1.062130244,0.01534347393,33.10620851106884,34.28531457281655,31.678715661109116,10.043266033333351,4.0188487978171294e-05,-4.395898333073689,0.0078731783055266,-0.0198859256479102,1021.0,-4.966513072916244e-05,-0.0004969018041444,67.0,4.0,4.8375,False
batch3,batch3_034,1158.0,5.3C(54%)-4C-newstructure,5.3,1157,100,1.06321586,1.063188438,0.01530397606,35.77751733452584,38.986137122300555,32.2382347306484,10.043544616666672,4.946983882423062e-05,-4.305659504591576,0.0095539995596086,-0.0215098927699143,921.0,-5.791180204581051e-05,-0.0005516753282674,54.0,4.0,4.8774999999999995,False
batch3,batch3_035,1093.0,5.6C(19%)-4.6C-newstructure,5.6,1092,100,1.064480499,1.064320013,0.0153756603599999,35.53070785023565,38.53573773732641,32.23847901338159,10.04359398333331,5.8229318902417414e-05,-4.234858289724564,0.0098376414741795,-0.0230280751526336,851.0,-6.226799131661302e-05,-0.0005392282444897,19.0,4.6,4.8374999999999995,False
batch3,batch3_036,923.0,5.6C(36%)-4.3C-newstructure,5.6,922,100,1.0593433760000002,1.059207981,0.01513591896,35.87707905775121,39.385265734517226,32.17450141174643,10.043492250000025,5.5788165335225655e-05,-4.253457920681209,0.0099516775845418,-0.0229818135179924,736.0,-6.441404476044396e-05,-0.0006174916162599,36.0,4.3,4.885,False
batch3,batch3_038,1935.0,5C(67%)-4C-newstructure,5.0,1934,100,1.071954521,1.071803603,0.01583763829,34.743831508087126,37.73701176388907,31.5095396250924,10.043712449999964,4.5493249228224246e-05,-4.342053043792284,0.008911695339998,-0.0201470057216749,1526.0,-4.22926935576647e-05,-0.0002892312041662,67.0,4.0,4.8375,False
batch3,batch3_039,1156.0,5.3C(54%)-4C-newstructure,5.3,1155,100,1.050541451,1.05034558,0.01556493222,33.88624079961266,36.07485440375697,31.39552473043584,10.043103450000004,3.510467231268054e-05,-4.454635076566319,0.0067695798651406,-0.0174579176948327,916.0,-5.176006747707026e-05,-0.0004689943327724,54.0,4.0,4.8774999999999995,False
batch3,batch3_040,796.0,5.6C(19%)-4.6C-newstructure,5.6,795,100,1.062950962,1.0626515569999997,0.01539237993,34.05078155019701,37.52384046715492,30.9393874590839,10.043767949999994,5.068643250322407e-05,-4.29510827493732,0.0090971827351251,-0.0220537944821722,621.0,-7.986243688434198e-05,-0.0007005806296918,19.0,4.6,4.8374999999999995,False
batch3,batch3_041,786.0,5.6C(36%)-4.3C-newstructure,5.6,785,100,1.0543223270000002,1.0539434069999998,0.01830944555,33.639374640057895,36.627600886306475,30.82468164815798,10.043166433333276,6.03240691683163e-05,-4.2195093707566445,0.0097503793892449,-0.0241929936990986,601.0,-6.141248763803106e-05,-0.0006886641429587,36.0,4.3,4.885,False
batch3,batch3_044,940.0,5.3C(54%)-4C-newstructure,5.3,939,100,1.073270589,1.073001649,0.01557422266,33.350873108759004,36.33391749012359,30.638239769716765,10.043223416666626,7.387618796699746e-05,-4.131495522376496,0.0112310610964919,-0.0259851318875047,746.0,-5.156993288590634e-05,-0.0007105614414979,54.0,4.0,4.8774999999999995,False
batch3,batch3_045,1801.0,4.8C(80%)-4.8C-newstructure,4.8,1800,100,1.071439217,1.071282213,0.01562028664,32.724855320443154,34.68002467582143,30.852097606265037,11.03858153333335,3.014041303195534e-05,-4.5208508005857535,0.0071317524619861,-0.0164779607403006,1426.0,-4.567755995894423e-05,-0.0003336013759886,80.0,4.8,4.8,False
