batch,policy,n,mean_life,sd_life,first_c_rate
batch1,3.6C(80%)-3.6C,3,2083.0,203.72285095197347,3.6
batch1,4.4C(80%)-4.4C,1,1074.0,,4.4
batch1,4.8C(80%)-4.8C,2,753.0,165.46298679765212,4.8
batch1,4C(80%)-4C,2,1571.5,194.45436482630058,4.0
batch1,5.4C(40%)-3.6C,1,1054.0,,5.4
batch1,5.4C(50%)-3C,1,788.0,,5.4
batch1,5.4C(60%)-3.6C,2,859.5,3.5355339059327378,5.4
batch1,5.4C(60%)-3C,2,799.5,113.84419177103415,5.4
batch1,5.4C(70%)-3C,2,739.5,68.58935777509511,5.4
batch1,5.4C(80%)-5.4C,2,546.5,17.67766952966369,5.4
batch1,6C(30%)-3.6C,1,1014.0,,6.0
batch1,6C(40%)-3.6C,2,856.0,19.79898987322333,6.0
batch1,6C(40%)-3C,2,935.5,115.25840533340725,6.0
batch1,6C(50%)-3.6C,2,792.5,118.08683245815344,6.0
batch1,6C(50%)-3C,2,888.5,40.30508652763321,6.0
batch1,6C(60%)-3C,2,744.0,18.384776310850235,6.0
batch1,7C(30%)-3.6C,2,722.5,27.577164466275352,7.0
batch1,7C(40%)-3.6C,2,621.0,5.656854249492381,7.0
batch1,7C(40%)-3C,2,676.0,39.59797974644666,7.0
batch1,8C(15%)-3.6C,2,1008.5,60.10407640085654,8.0
batch1,8C(25%)-3.6C,2,676.5,36.062445840513924,8.0
batch1,8C(35%)-3.6C,2,607.5,12.020815280171307,8.0
batch2,1C(4%)-6C,1,300.0,,1.0
batch2,2C(10%)-6C,1,148.0,,2.0
batch2,2C(2%)-5C,1,438.0,,2.0
batch2,2C(7%)-5.5C,1,335.0,,2.0
batch2,3.6C(2%)-4.85C,1,480.0,,3.6
batch2,3.6C(22%)-5.5C,1,444.0,,3.6
batch2,3.6C(30%)-6C,1,511.0,,3.6
batch2,3.6C(9%)-5C,1,561.0,,3.6
batch2,4.4C(24%)-5C,1,494.0,,4.4
batch2,4.4C(47%)-5.5C,1,487.0,,4.4
batch2,4.4C(55%)-6C,1,461.0,,4.4
batch2,4.4C(8%)-4.85C,1,502.0,,4.4
batch2,4.65C(19%)-4.85C,1,489.0,,4.65
batch2,4.65C(44%)-5C,1,513.0,,4.65
batch2,4.65C(69%)-6C,1,527.0,,4.65
batch2,4.8C(80%)-4.8C,3,475.6666666666667,17.47378989610821,4.8
batch2,4.9C(27%)-4.75C,1,468.0,,4.9
batch2,4.9C(61%)-4.5C,1,509.0,,4.9
batch2,4.9C(69%)-4.25C,1,498.0,,4.9
batch2,4C(13%)-5C,1,477.0,,4.0
batch2,4C(31%)-5,1,458.0,,4.0
batch2,4C(4%)-4.85C,1,485.0,,4.0
batch2,4C(40%)-6C,1,483.0,,4.0
batch2,5.2C(10%)-4.75C,1,481.0,,5.2
batch2,5.2C(37%)-4.5C,1,492.0,,5.2
batch2,5.2C(50%)-4.25C,1,519.0,,5.2
batch2,5.2C(58%)-4C,1,520.0,,5.2
batch2,5.2C(66%)-3.5C,1,499.0,,5.2
batch2,5.2C(71%)-3C,1,463.0,,5.2
batch2,5.6C(25%)-4.5C,1,535.0,,5.6
batch2,5.6C(38%)-4.25C,1,478.0,,5.6
batch2,5.6C(47%)-4C,1,465.0,,5.6
batch2,5.6C(5%)-4.75C,1,499.0,,5.6
batch2,5.6C(58%)-3.5C,1,459.0,,5.6
batch2,5.6C(65%)-3C,1,429.0,,5.6
batch2,6C(20%)-4.5C,1,466.0,,6.0
batch2,6C(31%)-4.25C,1,462.0,,6.0
batch2,6C(4%)-4.75C,1,487.0,,6.0
batch2,6C(40%)-4C,1,457.0,,6.0
batch2,6C(52%)-3.5C,1,429.0,,6.0
batch2,6C(60%)-3C,1,713.0,,6.0
batch3,3.7C(31%)-5.9C-newstructure,3,660.0,115.65898149300814,3.7
batch3,4.8C(80%)-4.8C-newstructure,4,1588.25,350.9381474467165,4.8
batch3,5.3C(54%)-4C-newstructure,8,1074.375,129.67424846239024,5.3
batch3,5.6C(19%)-4.6C-newstructure,7,963.4285714285714,148.689673641511,5.6
batch3,5.6C(36%)-4.3C-newstructure,8,930.875,135.0242703051143,5.6
batch3,5.9C(15%)-4.6C-newstructure,2,867.0,12.727922061357855,5.9
batch3,5.9C(60%)-3.1C-newstructure,2,866.5,191.6259377015544,5.9
batch3,5C(67%)-4C-newstructure,6,1115.6666666666667,440.4241894658679,5.0
